"Ngày","Lần cuối","Mở","Cao","Thấp","KL","% Thay đổi"
"15/12/2023","18,700.0","19,000.0","19,100.0","18,650.0","12.09M","-1.58%"
"14/12/2023","19,000.0","19,200.0","19,300.0","18,950.0","9.43M","-1.04%"
"13/12/2023","19,200.0","19,350.0","19,400.0","19,100.0","9.96M","-1.29%"
"12/12/2023","19,450.0","19,400.0","19,450.0","19,200.0","6.82M","0.26%"
"11/12/2023","19,400.0","19,500.0","19,600.0","19,200.0","7.68M","-1.02%"
"08/12/2023","19,600.0","19,650.0","19,700.0","19,300.0","8.34M","-0.25%"
"07/12/2023","19,650.0","19,400.0","19,650.0","19,150.0","17.16M","1.29%"
"06/12/2023","19,400.0","19,250.0","19,450.0","19,150.0","9.47M","1.31%"
"05/12/2023","19,150.0","19,500.0","19,550.0","19,150.0","11.51M","-1.79%"
"04/12/2023","19,500.0","19,300.0","19,600.0","19,250.0","10.85M","1.04%"
"01/12/2023","19,300.0","19,200.0","19,350.0","19,050.0","4.87M","1.05%"
"30/11/2023","19,100.0","19,200.0","19,450.0","19,100.0","6.75M","-0.78%"
"29/11/2023","19,250.0","19,400.0","19,400.0","19,250.0","5.48M","-0.52%"
"28/11/2023","19,350.0","19,200.0","19,450.0","19,050.0","5.75M","0.78%"
"27/11/2023","19,200.0","19,250.0","19,450.0","19,150.0","8.01M","0.00%"
"24/11/2023","19,200.0","19,150.0","19,400.0","19,000.0","10.85M","0.26%"
"23/11/2023","19,150.0","19,700.0","19,750.0","19,150.0","10.60M","-2.54%"
"22/11/2023","19,650.0","19,650.0","19,750.0","19,400.0","7.32M","0.00%"
"21/11/2023","19,650.0","19,600.0","19,900.0","19,500.0","8.68M","0.77%"
"20/11/2023","19,500.0","18,900.0","19,900.0","18,850.0","11.87M","1.04%"
"17/11/2023","19,300.0","20,000.0","20,000.0","19,000.0","15.20M","-3.02%"
"16/11/2023","19,900.0","19,750.0","20,000.0","19,750.0","9.90M","-0.25%"
"15/11/2023","19,950.0","19,900.0","20,150.0","19,800.0","17.93M","1.79%"
"14/11/2023","19,600.0","19,400.0","20,000.0","19,300.0","12.70M","2.08%"
"13/11/2023","19,200.0","19,550.0","19,700.0","19,050.0","10.47M","-1.79%"
"10/11/2023","19,550.0","19,900.0","19,900.0","19,550.0","12.16M","-2.25%"
"09/11/2023","20,000.0","20,500.0","20,550.0","20,000.0","13.60M","-6.32%"
"08/11/2023","21,350.0","20,800.0","21,350.0","20,600.0","13.58M","3.14%"
"07/11/2023","20,700.0","20,900.0","21,100.0","20,700.0","6.34M","-0.48%"
"06/11/2023","20,800.0","20,200.0","20,850.0","20,200.0","9.58M","5.05%"
"03/11/2023","19,800.0","20,450.0","20,500.0","19,800.0","13.53M","-2.46%"
"02/11/2023","20,300.0","19,950.0","20,400.0","19,850.0","6.16M","2.53%"
"01/11/2023","19,800.0","20,000.0","20,100.0","19,800.0","4.81M","-1.00%"
"31/10/2023","20,000.0","19,800.0","20,050.0","19,550.0","6.94M","0.50%"
"30/10/2023","19,900.0","20,000.0","20,150.0","19,800.0","4.92M","-1.49%"
"27/10/2023","20,200.0","20,200.0","20,500.0","19,900.0","5.69M","0.00%"
"26/10/2023","20,200.0","20,700.0","20,850.0","19,550.0","17.36M","-3.81%"
"25/10/2023","21,000.0","21,050.0","21,250.0","20,900.0","5.16M","-0.24%"
"24/10/2023","21,050.0","20,850.0","21,400.0","20,850.0","5.47M","0.00%"
"23/10/2023","21,050.0","21,600.0","21,700.0","20,700.0","13.60M","-2.55%"
"20/10/2023","21,600.0","21,600.0","22,100.0","21,450.0","10.81M","0.70%"
"19/10/2023","21,450.0","22,200.0","22,400.0","21,450.0","11.47M","-4.67%"
"18/10/2023","22,500.0","22,500.0","23,150.0","21,750.0","39.74M","-0.88%"
"17/10/2023","22,700.0","22,450.0","22,700.0","22,200.0","25.97M","0.89%"
"16/10/2023","22,500.0","21,700.0","22,500.0","21,700.0","26.10M","2.51%"
"13/10/2023","21,950.0","21,650.0","22,000.0","21,400.0","13.71M","0.46%"
"12/10/2023","21,850.0","21,900.0","21,900.0","21,600.0","10.40M","0.23%"
"11/10/2023","21,800.0","21,600.0","21,800.0","21,400.0","8.93M","0.93%"
"10/10/2023","21,600.0","21,350.0","21,600.0","21,300.0","11.69M","0.93%"
"09/10/2023","21,400.0","21,000.0","21,400.0","20,750.0","13.60M","2.15%"
"06/10/2023","20,950.0","20,950.0","21,050.0","20,700.0","8.35M","0.72%"
"05/10/2023","20,800.0","20,900.0","21,100.0","20,800.0","5.68M","-0.95%"
"04/10/2023","21,000.0","20,500.0","21,250.0","20,500.0","6.98M","0.00%"
"03/10/2023","21,000.0","21,500.0","21,600.0","20,700.0","12.86M","-3.67%"
"02/10/2023","21,800.0","21,600.0","21,800.0","21,400.0","11.27M","0.46%"
"29/09/2023","21,700.0","21,300.0","21,700.0","21,100.0","8.45M","2.36%"
"28/09/2023","21,200.0","20,750.0","21,400.0","20,550.0","13.13M","0.95%"
"27/09/2023","21,000.0","20,500.0","21,000.0","20,300.0","12.68M","2.69%"
"26/09/2023","20,450.0","20,600.0","20,700.0","20,250.0","18.95M","0.25%"
"25/09/2023","20,400.0","21,200.0","21,300.0","20,400.0","14.43M","-4.00%"
"22/09/2023","21,250.0","21,200.0","21,350.0","20,850.0","19.60M","-1.85%"
"21/09/2023","21,650.0","21,700.0","21,900.0","21,650.0","10.97M","-1.14%"
"20/09/2023","21,900.0","21,800.0","22,050.0","21,550.0","14.20M","0.00%"
"19/09/2023","21,900.0","22,050.0","22,150.0","21,600.0","13.55M","-1.13%"
"18/09/2023","22,150.0","22,500.0","22,500.0","21,900.0","17.64M","-1.77%"
"15/09/2023","22,550.0","22,450.0","22,650.0","22,200.0","24.18M","0.67%"
"14/09/2023","22,400.0","22,400.0","22,600.0","22,000.0","23.07M","-0.22%"
"13/09/2023","22,450.0","22,300.0","22,550.0","22,050.0","30.58M","0.67%"
"12/09/2023","22,300.0","21,900.0","22,300.0","21,700.0","19.79M","1.83%"
"11/09/2023","21,900.0","22,100.0","22,300.0","21,500.0","38.04M","0.46%"
"08/09/2023","21,800.0","21,750.0","21,900.0","21,700.0","16.77M","0.23%"
"07/09/2023","21,750.0","21,900.0","22,100.0","21,700.0","20.57M","-0.23%"
"06/09/2023","21,800.0","21,250.0","21,800.0","20,900.0","23.27M","3.81%"
"05/09/2023","21,000.0","21,200.0","21,300.0","20,950.0","14.50M","0.24%"
"31/08/2023","20,950.0","20,800.0","21,050.0","20,700.0","14.34M","0.72%"
"30/08/2023","20,800.0","20,900.0","20,900.0","20,600.0","9.35M","-0.24%"
"29/08/2023","20,850.0","20,350.0","20,900.0","20,250.0","16.21M","2.71%"
"28/08/2023","20,300.0","20,200.0","20,400.0","20,100.0","11.61M","0.50%"
"25/08/2023","20,200.0","20,450.0","20,550.0","20,000.0","16.07M","-1.46%"
"24/08/2023","20,500.0","20,250.0","20,500.0","20,150.0","9.97M","1.23%"
"23/08/2023","20,250.0","20,750.0","20,850.0","20,250.0","14.42M","-1.70%"
"22/08/2023","20,600.0","20,750.0","20,850.0","20,050.0","21.18M","-0.96%"
"21/08/2023","20,800.0","20,600.0","21,000.0","20,400.0","12.66M","0.97%"
"18/08/2023","20,600.0","22,000.0","22,050.0","20,600.0","29.81M","-7.00%"
"17/08/2023","22,150.0","22,500.0","22,650.0","22,150.0","15.64M","-1.12%"
"16/08/2023","22,400.0","21,900.0","22,600.0","21,650.0","39.59M","1.82%"
"15/08/2023","22,000.0","21,950.0","22,000.0","21,650.0","18.41M","0.23%"
"14/08/2023","21,950.0","21,900.0","22,000.0","21,800.0","11.67M","-0.23%"
"11/08/2023","22,000.0","21,950.0","22,000.0","21,550.0","12.40M","0.23%"
"10/08/2023","21,950.0","22,050.0","22,050.0","21,550.0","19.84M","-0.45%"
"09/08/2023","22,050.0","22,100.0","22,200.0","21,700.0","21.34M","-0.68%"
"08/08/2023","22,200.0","22,650.0","22,650.0","22,200.0","13.85M","-1.99%"
"07/08/2023","22,650.0","22,450.0","23,000.0","22,300.0","20.24M","2.03%"
"04/08/2023","22,200.0","21,800.0","22,200.0","21,600.0","15.49M","2.30%"
"03/08/2023","21,700.0","21,950.0","22,000.0","21,600.0","15.90M","-1.36%"
"02/08/2023","22,000.0","21,950.0","22,250.0","21,700.0","17.05M","0.23%"
"01/08/2023","21,950.0","22,150.0","22,200.0","21,650.0","25.77M","-0.90%"
"31/07/2023","22,150.0","22,150.0","22,250.0","21,900.0","19.66M","0.23%"
"28/07/2023","22,100.0","21,750.0","22,100.0","21,600.0","18.13M","1.61%"
"27/07/2023","21,750.0","21,800.0","21,850.0","21,500.0","17.81M","-0.46%"
"26/07/2023","21,850.0","21,800.0","21,900.0","21,550.0","17.44M","0.00%"
"25/07/2023","21,850.0","21,900.0","22,350.0","21,800.0","26.11M","0.00%"
"24/07/2023","21,850.0","21,500.0","21,900.0","21,300.0","24.11M","2.10%"
"21/07/2023","21,400.0","20,950.0","21,450.0","20,800.0","28.60M","1.90%"
"20/07/2023","21,000.0","20,600.0","21,000.0","20,500.0","19.55M","1.69%"
"19/07/2023","20,650.0","21,000.0","21,000.0","20,650.0","22.97M","-1.43%"
"18/07/2023","20,950.0","20,450.0","21,100.0","20,300.0","37.32M","2.44%"
"17/07/2023","20,450.0","20,100.0","20,500.0","20,050.0","34.23M","2.76%"
"14/07/2023","19,900.0","20,050.0","20,100.0","19,600.0","17.48M","-0.25%"
"13/07/2023","19,950.0","19,900.0","19,950.0","19,650.0","16.40M","1.53%"
"12/07/2023","19,650.0","20,000.0","20,000.0","19,650.0","13.72M","-1.26%"
"11/07/2023","19,900.0","20,300.0","20,300.0","19,800.0","19.61M","-0.75%"
"10/07/2023","20,050.0","19,950.0","20,150.0","19,800.0","15.28M","1.01%"
"07/07/2023","19,850.0","19,600.0","19,850.0","19,500.0","8.35M","1.53%"
"06/07/2023","19,550.0","19,950.0","20,100.0","19,550.0","16.27M","-2.01%"
"05/07/2023","19,950.0","19,900.0","20,300.0","19,900.0","20.49M","0.50%"
"04/07/2023","19,850.0","19,850.0","19,950.0","19,750.0","7.34M","0.00%"
"03/07/2023","19,850.0","19,850.0","20,000.0","19,750.0","9.81M","0.00%"
"30/06/2023","19,850.0","19,900.0","20,000.0","19,750.0","12.38M","-0.25%"
"29/06/2023","19,900.0","20,300.0","20,450.0","19,900.0","18.45M","-1.73%"
"28/06/2023","20,250.0","20,200.0","20,350.0","20,050.0","16.75M","0.75%"
"27/06/2023","20,100.0","20,450.0","20,450.0","20,100.0","14.43M","-0.74%"
"26/06/2023","20,250.0","20,500.0","20,500.0","19,950.0","16.58M","0.25%"
"23/06/2023","20,200.0","19,700.0","20,400.0","19,650.0","42.32M","3.06%"
"22/06/2023","19,600.0","19,750.0","19,850.0","19,600.0","12.41M","-0.25%"
"21/06/2023","19,650.0","19,500.0","19,650.0","19,400.0","8.11M","0.77%"
"20/06/2023","19,500.0","19,450.0","19,550.0","19,250.0","14.47M","0.26%"
"19/06/2023","19,450.0","19,550.0","19,650.0","19,250.0","12.07M","-0.51%"
"16/06/2023","19,550.0","19,850.0","20,100.0","19,500.0","33.73M","-0.76%"
"15/06/2023","19,700.0","19,750.0","19,850.0","19,550.0","9.43M","-0.25%"
"14/06/2023","19,750.0","19,600.0","20,100.0","19,550.0","25.39M","1.28%"
"13/06/2023","19,500.0","19,700.0","19,750.0","19,400.0","9.67M","-0.51%"
"12/06/2023","19,600.0","19,700.0","19,700.0","19,350.0","8.51M","0.51%"
"09/06/2023","19,500.0","19,600.0","19,600.0","19,300.0","9.60M","0.00%"
"08/06/2023","19,500.0","19,900.0","20,050.0","19,500.0","16.60M","-2.01%"
"07/06/2023","19,900.0","20,000.0","20,100.0","19,750.0","16.19M","0.25%"
"06/06/2023","19,850.0","19,750.0","20,000.0","19,700.0","14.95M","0.51%"
"05/06/2023","19,750.0","20,100.0","20,150.0","19,750.0","13.42M","-0.50%"
"02/06/2023","19,850.0","19,600.0","20,200.0","19,550.0","24.54M","2.32%"
"01/06/2023","19,400.0","19,300.0","19,400.0","19,200.0","9.75M","0.52%"
"31/05/2023","19,300.0","19,550.0","19,550.0","19,250.0","7.91M","-0.77%"
"30/05/2023","19,450.0","19,500.0","19,500.0","19,350.0","8.98M","0.52%"
"29/05/2023","19,350.0","19,200.0","19,450.0","19,200.0","7.04M","1.04%"
"26/05/2023","19,150.0","19,300.0","19,300.0","19,100.0","6.99M","-0.26%"
"25/05/2023","19,200.0","19,350.0","19,450.0","19,200.0","7.30M","-1.03%"
"24/05/2023","19,400.0","19,650.0","19,700.0","19,400.0","8.34M","-0.77%"
"23/05/2023","19,550.0","19,750.0","19,800.0","19,500.0","7.24M","-0.76%"
"22/05/2023","19,700.0","19,300.0","19,700.0","19,300.0","12.02M","2.07%"
"19/05/2023","19,300.0","19,300.0","19,400.0","19,200.0","6.59M","0.26%"
"18/05/2023","19,250.0","19,300.0","19,500.0","19,200.0","7.58M","0.26%"
"17/05/2023","19,200.0","19,600.0","19,650.0","19,200.0","12.68M","-2.04%"
"16/05/2023","19,600.0","19,900.0","19,900.0","19,600.0","7.49M","-1.01%"
"15/05/2023","19,800.0","19,800.0","20,200.0","19,750.0","13.10M","0.25%"
"12/05/2023","19,750.0","19,800.0","19,850.0","19,550.0","7.52M","-0.25%"
"11/05/2023","19,800.0","19,600.0","19,850.0","19,600.0","6.67M","1.28%"
"10/05/2023","19,550.0","19,500.0","19,600.0","19,450.0","8.93M","0.51%"
"09/05/2023","19,450.0","19,550.0","19,600.0","19,400.0","4.73M","0.00%"
"08/05/2023","19,450.0","19,450.0","19,650.0","19,400.0","5.49M","0.00%"
"05/05/2023","19,450.0","19,600.0","19,900.0","19,450.0","5.92M","-0.51%"
"04/05/2023","19,550.0","19,550.0","19,800.0","19,500.0","7.48M","-1.76%"
"28/04/2023","19,900.0","19,550.0","19,900.0","19,500.0","8.57M","2.58%"
"27/04/2023","19,400.0","19,350.0","19,700.0","19,350.0","5.20M","0.26%"
"26/04/2023","19,350.0","19,300.0","19,400.0","19,100.0","7.85M","0.26%"
"25/04/2023","19,300.0","19,700.0","19,750.0","19,250.0","7.17M","-1.03%"
"24/04/2023","19,500.0","19,450.0","20,050.0","19,350.0","7.09M","0.26%"
"21/04/2023","19,450.0","19,350.0","19,600.0","19,350.0","8.12M","0.52%"
"20/04/2023","19,350.0","19,650.0","19,800.0","19,250.0","12.24M","-1.78%"
"19/04/2023","19,700.0","20,450.0","20,550.0","19,700.0","18.42M","-2.72%"
"18/04/2023","20,250.0","20,450.0","20,550.0","20,100.0","10.61M","-0.98%"
"17/04/2023","20,450.0","20,450.0","20,600.0","20,300.0","5.20M","-0.24%"
"14/04/2023","20,500.0","20,600.0","20,700.0","20,350.0","8.54M","-0.49%"
"13/04/2023","20,600.0","20,650.0","20,650.0","20,200.0","19.92M","-0.24%"
"12/04/2023","20,650.0","21,000.0","21,050.0","20,650.0","8.67M","-1.67%"
"11/04/2023","21,000.0","20,900.0","21,100.0","20,700.0","9.49M","0.48%"
"10/04/2023","20,900.0","20,900.0","21,350.0","20,700.0","16.77M","0.00%"
"07/04/2023","20,900.0","20,900.0","21,050.0","20,650.0","7.67M","0.00%"
"06/04/2023","20,900.0","21,200.0","21,500.0","20,900.0","12.25M","-1.42%"
"05/04/2023","21,200.0","21,300.0","21,450.0","21,150.0","11.99M","-0.93%"
"04/04/2023","21,400.0","21,200.0","21,450.0","21,000.0","16.36M","0.94%"
"03/04/2023","21,200.0","21,150.0","21,250.0","20,900.0","13.55M","0.71%"
"31/03/2023","21,050.0","20,800.0","21,300.0","20,800.0","23.14M","0.72%"
"30/03/2023","20,900.0","21,000.0","21,050.0","20,700.0","15.53M","0.00%"
"29/03/2023","20,900.0","20,900.0","20,900.0","20,600.0","16.60M","-0.48%"
"28/03/2023","21,000.0","21,400.0","21,600.0","20,550.0","37.17M","-1.18%"
"27/03/2023","21,250.0","21,150.0","21,550.0","21,000.0","29.33M","0.47%"
"24/03/2023","21,150.0","21,050.0","21,200.0","20,850.0","19.66M","0.48%"
"23/03/2023","21,050.0","21,000.0","21,150.0","20,800.0","22.82M","0.24%"
"22/03/2023","21,000.0","20,500.0","21,200.0","20,450.0","42.03M","3.19%"
"21/03/2023","20,350.0","19,700.0","20,350.0","19,500.0","29.19M","3.30%"
"20/03/2023","19,700.0","19,550.0","19,700.0","19,300.0","18.94M","0.00%"
"17/03/2023","19,700.0","19,600.0","19,750.0","19,350.0","15.55M","1.29%"
"16/03/2023","19,450.0","19,500.0","19,650.0","19,150.0","15.49M","-1.77%"
"15/03/2023","19,800.0","19,800.0","19,850.0","19,550.0","22.32M","2.06%"
"14/03/2023","19,400.0","19,600.0","19,600.0","19,100.0","22.99M","0.00%"
"13/03/2023","19,400.0","18,800.0","19,400.0","18,600.0","41.36M","6.01%"
"10/03/2023","18,300.0","17,900.0","18,300.0","17,900.0","14.75M","0.55%"
"09/03/2023","18,200.0","18,150.0","18,300.0","18,000.0","15.26M","0.28%"
"08/03/2023","18,150.0","17,200.0","18,150.0","17,200.0","27.19M","4.31%"
"07/03/2023","17,400.0","17,400.0","17,700.0","17,300.0","13.13M","1.75%"
"06/03/2023","17,100.0","17,300.0","17,500.0","17,050.0","13.13M","0.59%"
"03/03/2023","17,000.0","17,450.0","17,500.0","16,900.0","8.98M","-1.73%"
"02/03/2023","17,300.0","17,450.0","17,550.0","17,250.0","4.29M","-0.86%"
"01/03/2023","17,450.0","16,850.0","17,500.0","16,700.0","9.65M","2.35%"
"28/02/2023","17,050.0","17,150.0","17,250.0","16,900.0","8.63M","0.29%"
"27/02/2023","17,000.0","17,000.0","17,150.0","16,550.0","10.31M","-0.87%"
"24/02/2023","17,150.0","17,550.0","17,650.0","17,150.0","10.42M","-2.28%"
"23/02/2023","17,550.0","17,450.0","17,550.0","17,100.0","12.98M","0.57%"
"22/02/2023","17,450.0","17,600.0","18,000.0","17,450.0","17.00M","-1.97%"
"21/02/2023","17,800.0","18,400.0","18,400.0","17,800.0","18.38M","-2.73%"
"20/02/2023","18,300.0","17,100.0","18,300.0","17,100.0","20.55M","5.78%"
"17/02/2023","17,300.0","17,300.0","17,500.0","17,200.0","10.77M","-1.14%"
"16/02/2023","17,500.0","17,400.0","17,600.0","17,100.0","14.45M","1.74%"
"15/02/2023","17,200.0","16,700.0","17,200.0","16,700.0","12.67M","2.99%"
"14/02/2023","16,700.0","17,000.0","17,200.0","16,700.0","16.87M","-1.76%"
"13/02/2023","17,000.0","17,600.0","17,650.0","16,600.0","25.78M","-2.86%"
"10/02/2023","17,500.0","18,000.0","18,300.0","17,500.0","13.10M","-2.78%"
"09/02/2023","18,000.0","17,950.0","18,550.0","17,900.0","15.16M","0.28%"
"08/02/2023","17,950.0","18,100.0","18,250.0","17,850.0","11.58M","0.00%"
"07/02/2023","17,950.0","18,550.0","18,650.0","17,950.0","15.66M","-2.97%"
"06/02/2023","18,500.0","18,150.0","18,550.0","17,950.0","16.96M","1.37%"
"03/02/2023","18,250.0","18,500.0","18,550.0","18,050.0","20.04M","-0.82%"
"02/02/2023","18,400.0","18,600.0","18,700.0","18,150.0","25.93M","0.55%"
"01/02/2023","18,300.0","19,550.0","19,600.0","18,100.0","32.20M","-5.91%"
"31/01/2023","19,450.0","19,150.0","19,500.0","19,050.0","25.10M","1.04%"
"30/01/2023","19,250.0","19,700.0","19,750.0","19,250.0","23.82M","-2.28%"
"27/01/2023","19,700.0","19,650.0","20,250.0","19,400.0","24.44M","1.03%"
"19/01/2023","19,500.0","19,550.0","19,700.0","19,400.0","18.35M","-0.76%"
"18/01/2023","19,650.0","19,600.0","19,800.0","19,400.0","19.68M","0.26%"
"17/01/2023","19,600.0","19,500.0","19,600.0","19,350.0","32.91M","1.03%"
"16/01/2023","19,400.0","19,600.0","19,600.0","19,200.0","17.94M","0.00%"
"13/01/2023","19,400.0","18,850.0","19,500.0","18,550.0","25.70M","3.74%"
"12/01/2023","18,700.0","18,600.0","18,750.0","18,400.0","15.25M","1.36%"
"11/01/2023","18,450.0","19,000.0","19,000.0","18,450.0","17.43M","-1.34%"
"10/01/2023","18,700.0","18,850.0","19,000.0","18,550.0","13.49M","-0.80%"
"09/01/2023","18,850.0","19,200.0","19,300.0","18,800.0","18.73M","-0.53%"
"06/01/2023","18,950.0","18,850.0","19,650.0","18,800.0","31.41M","0.00%"
"05/01/2023","18,950.0","19,000.0","19,050.0","18,550.0","15.39M","0.26%"
"04/01/2023","18,900.0","18,500.0","19,300.0","18,500.0","42.54M","2.16%"
"03/01/2023","18,500.0","18,000.0","18,500.0","17,800.0","20.27M","3.35%"
"30/12/2022","17,900.0","17,900.0","18,100.0","17,600.0","10.04M","0.56%"
"29/12/2022","17,800.0","18,100.0","18,500.0","17,800.0","20.20M","-1.93%"
"28/12/2022","18,150.0","17,900.0","18,500.0","17,500.0","17.48M","1.40%"
"27/12/2022","17,900.0","17,300.0","17,900.0","17,150.0","14.92M","4.07%"
"26/12/2022","17,200.0","18,350.0","18,500.0","17,200.0","26.49M","-6.27%"
"23/12/2022","18,350.0","18,450.0","18,650.0","18,100.0","16.85M","-0.54%"
"22/12/2022","18,450.0","18,000.0","18,850.0","17,950.0","52.43M","4.53%"
"21/12/2022","17,650.0","17,500.0","17,900.0","17,000.0","20.50M","2.02%"
"20/12/2022","17,300.0","17,900.0","17,900.0","16,900.0","26.42M","-3.62%"
"19/12/2022","17,950.0","18,350.0","18,750.0","17,950.0","29.43M","-2.97%"
"16/12/2022","18,500.0","18,450.0","18,850.0","18,300.0","27.56M","1.65%"
"15/12/2022","18,200.0","17,050.0","18,200.0","17,050.0","66.73M","6.74%"
"14/12/2022","17,050.0","17,250.0","17,350.0","17,000.0","18.92M","-0.29%"
"13/12/2022","17,100.0","16,700.0","17,100.0","16,400.0","18.05M","2.70%"
"12/12/2022","16,650.0","16,950.0","17,450.0","16,650.0","23.20M","-1.48%"
"09/12/2022","16,900.0","17,150.0","17,200.0","16,650.0","13.75M","-0.59%"
"08/12/2022","17,000.0","16,450.0","17,300.0","16,400.0","29.42M","4.94%"
"07/12/2022","16,200.0","16,800.0","17,000.0","15,850.0","26.22M","-4.14%"
"06/12/2022","16,900.0","18,150.0","18,600.0","16,900.0","34.48M","-6.89%"
"05/12/2022","18,150.0","17,700.0","18,400.0","17,450.0","43.39M","4.91%"
"02/12/2022","17,300.0","16,800.0","17,400.0","16,550.0","25.89M","2.98%"
"01/12/2022","16,800.0","17,050.0","17,400.0","16,600.0","31.05M","0.00%"
"30/11/2022","16,800.0","16,250.0","17,000.0","15,900.0","23.31M","4.02%"
"29/11/2022","16,150.0","16,200.0","16,350.0","15,550.0","16.82M","0.31%"
"28/11/2022","16,100.0","15,600.0","16,200.0","15,600.0","16.56M","3.87%"
"25/11/2022","15,500.0","15,300.0","15,500.0","15,150.0","9.69M","2.65%"
"24/11/2022","15,100.0","14,850.0","15,250.0","14,550.0","10.25M","0.33%"
"23/11/2022","15,050.0","15,250.0","15,600.0","15,050.0","6.00M","-2.90%"
"22/11/2022","15,500.0","15,250.0","16,450.0","15,100.0","16.57M","0.00%"
"21/11/2022","15,500.0","15,700.0","15,700.0","15,100.0","11.39M","0.00%"
"18/11/2022","15,500.0","15,000.0","15,750.0","14,700.0","16.32M","0.00%"
"17/11/2022","15,500.0","15,750.0","15,850.0","15,350.0","13.17M","0.00%"
"16/11/2022","15,500.0","13,650.0","15,650.0","13,650.0","29.66M","5.80%"
"15/11/2022","14,650.0","15,150.0","15,700.0","14,650.0","18.16M","-6.69%"
"14/11/2022","15,700.0","16,000.0","16,150.0","15,200.0","16.00M","-3.68%"
"11/11/2022","16,300.0","16,650.0","17,000.0","16,250.0","17.94M","0.00%"
"10/11/2022","16,300.0","17,400.0","17,400.0","16,300.0","23.02M","-6.86%"
"09/11/2022","17,500.0","17,350.0","17,650.0","17,050.0","16.40M","1.74%"
"08/11/2022","17,200.0","16,800.0","17,250.0","16,650.0","22.34M","0.58%"
"07/11/2022","17,100.0","17,100.0","17,350.0","16,850.0","23.17M","0.88%"
"04/11/2022","16,950.0","17,150.0","17,400.0","16,550.0","32.35M","-3.14%"
"03/11/2022","17,500.0","17,150.0","17,650.0","17,150.0","11.40M","0.00%"
"02/11/2022","17,500.0","17,200.0","17,800.0","16,900.0","21.51M","1.74%"
"01/11/2022","17,200.0","16,500.0","17,450.0","16,500.0","25.63M","5.20%"
"31/10/2022","16,350.0","16,500.0","16,600.0","15,650.0","11.07M","0.00%"
"28/10/2022","16,350.0","16,600.0","16,900.0","16,350.0","8.11M","-1.21%"
"27/10/2022","16,550.0","15,500.0","16,550.0","15,050.0","20.96M","6.43%"
"26/10/2022","15,550.0","15,500.0","15,750.0","15,200.0","7.06M","0.65%"
"25/10/2022","15,450.0","15,250.0","16,050.0","14,900.0","15.26M","0.32%"
"24/10/2022","15,400.0","15,600.0","15,650.0","14,800.0","10.49M","-0.96%"
"21/10/2022","15,550.0","16,000.0","16,000.0","15,100.0","13.71M","-2.51%"
"20/10/2022","15,950.0","15,850.0","16,150.0","15,700.0","8.68M","0.00%"
"19/10/2022","15,950.0","16,100.0","16,100.0","15,700.0","9.83M","0.00%"
"18/10/2022","15,950.0","16,200.0","16,350.0","15,950.0","7.38M","0.00%"
"17/10/2022","15,950.0","15,800.0","16,150.0","15,300.0","7.43M","-1.24%"
"14/10/2022","16,150.0","16,500.0","16,500.0","16,000.0","8.93M","0.94%"
"13/10/2022","16,000.0","16,100.0","16,200.0","15,400.0","11.42M","0.00%"
"12/10/2022","16,000.0","15,300.0","16,200.0","15,000.0","10.41M","4.23%"
"11/10/2022","15,350.0","15,000.0","15,350.0","14,300.0","19.26M","0.00%"
"10/10/2022","15,350.0","14,800.0","15,900.0","14,300.0","14.89M","0.00%"
"07/10/2022","15,350.0","16,000.0","16,400.0","15,350.0","19.18M","-6.97%"
"06/10/2022","16,500.0","17,100.0","17,100.0","15,850.0","13.94M","-2.94%"
"05/10/2022","17,000.0","17,400.0","17,450.0","16,800.0","13.91M","1.19%"
"04/10/2022","16,800.0","17,200.0","17,550.0","16,000.0","17.45M","-1.18%"
"03/10/2022","17,000.0","17,850.0","17,850.0","16,750.0","24.72M","-5.56%"
"30/09/2022","18,000.0","18,200.0","18,250.0","17,100.0","15.85M","0.00%"
"29/09/2022","18,000.0","18,750.0","18,800.0","18,000.0","5.61M","-2.70%"
"28/09/2022","18,500.0","18,600.0","18,750.0","18,300.0","10.53M","1.28%"
"27/09/2022","18,266.7","18,533.3","18,666.7","18,100.0","19.44M","-0.72%"
"26/09/2022","18,400.0","18,866.7","18,966.7","18,033.3","26.63M","-4.00%"
"23/09/2022","19,166.7","19,566.7","19,733.3","19,133.3","14.77M","-1.88%"
"22/09/2022","19,533.3","19,466.7","19,766.7","19,266.7","12.81M","-0.68%"
"21/09/2022","19,666.7","19,866.7","20,000.0","19,400.0","18.87M","-1.67%"
"20/09/2022","20,000.0","20,133.3","20,200.0","19,666.7","18.79M","0.33%"
"19/09/2022","19,933.3","20,466.7","20,666.7","19,866.7","22.45M","-2.13%"
"16/09/2022","20,366.7","20,266.7","20,800.0","20,266.7","25.42M","0.83%"
"15/09/2022","20,200.0","20,300.0","20,500.0","20,200.0","13.91M","0.00%"
"14/09/2022","20,200.0","19,866.7","20,200.0","19,866.7","22.85M","-0.66%"
"13/09/2022","20,333.3","20,300.0","20,466.7","20,233.3","10.13M","0.16%"
"12/09/2022","20,300.0","20,466.7","20,766.7","20,266.7","11.64M","-0.16%"
"09/09/2022","20,333.3","20,166.7","20,533.3","19,933.3","26.49M","2.01%"
"08/09/2022","19,933.3","20,233.3","20,333.3","19,933.3","15.98M","-1.32%"
"07/09/2022","20,200.0","20,933.3","20,933.3","20,200.0","27.90M","-3.50%"
"06/09/2022","20,933.3","20,866.7","21,200.0","20,766.7","17.36M","0.32%"
"05/09/2022","20,866.7","21,133.3","21,200.0","20,833.3","17.90M","-1.57%"
"31/08/2022","21,200.0","20,966.7","21,200.0","20,766.7","12.68M","1.44%"
"30/08/2022","20,900.0","20,933.3","21,333.3","20,800.0","13.67M","0.48%"
"29/08/2022","20,800.0","20,666.7","21,000.0","20,400.0","26.96M","-1.27%"
"26/08/2022","21,066.7","21,466.7","21,733.3","20,866.7","22.70M","-1.10%"
"25/08/2022","21,300.0","21,033.3","21,566.7","21,033.3","26.18M","1.75%"
"24/08/2022","20,933.3","20,800.0","21,066.7","20,700.0","19.13M","0.64%"
"23/08/2022","20,800.0","20,533.3","20,800.0","20,333.3","13.27M","-0.16%"
"22/08/2022","20,833.3","20,833.3","21,066.7","20,633.3","20.10M","0.00%"
"19/08/2022","20,833.3","20,133.3","21,200.0","20,033.3","47.66M","3.99%"
"18/08/2022","20,033.3","20,200.0","20,233.3","19,966.7","17.78M","-0.33%"
"17/08/2022","20,100.0","20,133.3","20,333.3","20,033.3","15.59M","0.00%"
"16/08/2022","20,100.0","20,233.3","20,233.3","19,966.7","15.35M","-0.66%"
"15/08/2022","20,233.3","20,133.3","20,300.0","20,000.0","16.81M","1.51%"
"12/08/2022","19,933.3","19,766.7","19,933.3","19,600.0","13.05M","1.01%"
"11/08/2022","19,733.3","20,266.7","20,333.3","19,733.3","22.53M","-1.66%"
"10/08/2022","20,066.7","20,200.0","20,233.3","19,966.7","16.43M","-0.50%"
"09/08/2022","20,166.7","20,133.3","20,533.3","20,000.0","30.52M","0.83%"
"08/08/2022","20,000.0","19,600.0","20,000.0","19,466.7","25.77M","2.21%"
"05/08/2022","19,566.7","19,600.0","19,666.7","19,300.0","18.28M","-0.17%"
"04/08/2022","19,600.0","19,500.0","19,966.7","19,366.7","27.25M","1.38%"
"03/08/2022","19,333.3","19,233.3","19,433.3","19,100.0","19.55M","-0.17%"
"02/08/2022","19,366.7","19,533.3","19,533.3","19,166.7","17.95M","-0.17%"
"01/08/2022","19,400.0","19,133.3","19,400.0","19,033.3","19.09M","1.39%"
"29/07/2022","19,133.3","19,000.0","19,133.3","18,866.7","19.48M","1.06%"
"28/07/2022","18,933.3","18,666.7","19,200.0","18,533.3","28.40M","2.53%"
"27/07/2022","18,466.7","18,400.0","18,500.0","18,300.0","9.59M","0.00%"
"26/07/2022","18,466.7","18,400.0","18,700.0","18,366.7","11.13M","0.18%"
"25/07/2022","18,433.3","18,766.7","18,766.7","18,433.3","11.72M","-1.78%"
"22/07/2022","18,766.7","18,866.7","19,000.0","18,733.3","10.91M","-0.18%"
"21/07/2022","18,800.0","18,800.0","18,900.0","18,666.7","13.89M","0.18%"
"20/07/2022","18,766.7","18,866.7","18,966.7","18,733.3","14.55M","0.54%"
"19/07/2022","18,666.7","18,766.7","18,766.7","18,500.0","9.35M","-0.53%"
"18/07/2022","18,766.7","19,000.0","19,100.0","18,766.7","11.31M","-0.35%"
"15/07/2022","18,833.3","18,733.3","18,900.0","18,700.0","13.10M","0.71%"
"14/07/2022","18,700.0","18,433.3","18,733.3","18,333.3","14.69M","1.08%"
"13/07/2022","18,500.0","18,533.3","18,800.0","18,366.7","15.80M","0.00%"
"12/07/2022","18,500.0","18,433.3","18,800.0","18,300.0","12.57M","0.91%"
"11/07/2022","18,333.3","18,933.3","19,000.0","18,333.3","12.71M","-3.85%"
"08/07/2022","19,066.7","19,333.3","19,433.3","19,033.3","11.01M","-1.04%"
"07/07/2022","19,266.7","19,233.3","19,366.7","18,966.7","11.78M","0.35%"
"06/07/2022","19,200.0","19,533.3","19,700.0","19,200.0","8.38M","-2.37%"
"05/07/2022","19,666.7","19,500.0","19,900.0","19,466.7","17.11M","1.03%"
"04/07/2022","19,466.7","19,466.7","19,666.7","19,233.3","13.27M","0.34%"
"01/07/2022","19,400.0","19,400.0","19,566.7","18,733.3","10.54M","0.34%"
"30/06/2022","19,333.3","19,933.3","20,133.3","19,333.3","11.82M","-3.33%"
"29/06/2022","20,000.0","19,733.3","20,166.7","19,666.7","12.58M","0.00%"
"28/06/2022","20,000.0","19,000.0","20,233.3","19,000.0","18.27M","3.81%"
"27/06/2022","19,266.7","18,866.7","19,400.0","18,833.3","8.81M","2.66%"
"24/06/2022","18,766.7","18,866.7","19,166.7","18,766.7","5.41M","-1.05%"
"23/06/2022","18,966.7","18,666.7","19,033.3","18,633.3","7.13M","0.18%"
"22/06/2022","18,933.3","18,566.7","19,300.0","18,333.3","10.58M","4.41%"
"21/06/2022","18,133.3","18,233.3","18,633.3","17,866.7","10.81M","0.37%"
"20/06/2022","18,066.7","18,600.0","18,666.7","17,666.7","14.79M","-2.87%"
"17/06/2022","18,600.0","18,866.7","19,000.0","18,200.0","18.82M","-3.79%"
"16/06/2022","19,333.3","19,466.7","19,600.0","19,300.0","7.88M","0.52%"
"15/06/2022","19,233.3","19,233.3","19,600.0","18,400.0","19.27M","0.00%"
"14/06/2022","19,233.3","18,800.0","19,466.7","18,800.0","17.28M","0.35%"
"13/06/2022","19,166.7","20,000.0","20,300.0","19,166.7","31.44M","-6.96%"
"10/06/2022","20,600.0","20,866.7","21,166.7","20,600.0","14.48M","-1.90%"
"09/06/2022","21,000.0","21,266.7","21,300.0","21,000.0","14.10M","-0.94%"
"08/06/2022","21,200.0","20,400.0","21,300.0","20,166.7","28.52M","4.43%"
"07/06/2022","20,300.0","20,366.7","20,466.7","19,866.7","11.74M","-0.49%"
"06/06/2022","20,400.0","20,466.7","20,800.0","20,233.3","11.55M","-0.49%"
"03/06/2022","20,500.0","20,133.3","20,500.0","20,100.0","10.69M","1.65%"
"02/06/2022","20,166.7","20,600.0","20,633.3","20,066.7","13.51M","-1.94%"
"01/06/2022","20,566.7","20,600.0","20,800.0","20,266.7","15.04M","-0.48%"
"31/05/2022","20,666.7","21,000.0","21,066.7","20,533.3","15.43M","-1.90%"
"30/05/2022","21,066.7","20,966.7","21,066.7","20,700.0","17.78M","1.61%"
"27/05/2022","20,733.3","20,733.3","20,866.7","20,500.0","15.84M","0.16%"
"26/05/2022","20,700.0","21,133.3","21,166.7","20,700.0","12.94M","-1.43%"
"25/05/2022","21,000.0","20,233.3","21,000.0","20,133.3","19.26M","5.00%"
"24/05/2022","20,000.0","19,733.3","20,133.3","19,466.7","14.84M","2.39%"
"23/05/2022","19,533.3","20,533.3","20,533.3","19,466.7","16.58M","-4.25%"
"20/05/2022","20,400.0","20,400.0","20,633.3","20,200.0","11.12M","0.49%"
"19/05/2022","20,300.0","20,066.7","20,600.0","19,966.7","13.79M","-1.62%"
"18/05/2022","20,633.3","21,000.0","21,433.3","20,466.7","17.82M","-0.16%"
"17/05/2022","20,666.7","19,333.3","20,666.7","19,300.0","15.58M","6.90%"
"16/05/2022","19,333.3","20,000.0","20,366.7","19,333.3","18.40M","0.00%"
"13/05/2022","19,333.3","20,800.0","21,066.7","19,333.3","30.70M","-6.75%"
"12/05/2022","20,733.3","21,966.7","22,000.0","20,733.3","26.86M","-6.89%"
"11/05/2022","22,266.7","22,200.0","22,600.0","21,700.0","11.42M","0.30%"
"10/05/2022","22,200.0","20,766.7","22,200.0","20,766.7","22.64M","4.72%"
"09/05/2022","21,200.0","22,466.7","22,633.3","21,200.0","35.90M","-6.88%"
"06/05/2022","22,766.7","23,333.3","23,433.3","22,766.7","19.18M","-3.94%"
"05/05/2022","23,700.0","24,233.3","24,233.3","23,166.7","15.94M","-0.70%"
"04/05/2022","23,866.7","24,500.0","24,500.0","23,866.7","18.03M","-2.45%"
"29/04/2022","24,466.7","24,333.3","24,600.0","24,200.0","19.88M","0.55%"
"28/04/2022","24,333.3","24,066.7","24,466.7","23,900.0","16.69M","1.53%"
"27/04/2022","23,966.7","24,000.0","24,300.0","23,600.0","18.70M","-1.24%"
"26/04/2022","24,266.7","22,400.0","24,400.0","22,066.7","33.97M","6.28%"
"25/04/2022","22,833.3","24,433.3","24,633.3","22,833.3","49.11M","-6.93%"
"22/04/2022","24,533.3","24,133.3","24,800.0","23,600.0","34.06M","3.66%"
"21/04/2022","23,666.7","23,400.0","24,333.3","23,000.0","28.38M","0.85%"
"20/04/2022","23,466.7","23,666.7","24,166.7","23,466.7","32.00M","-1.68%"
"19/04/2022","23,866.7","24,566.7","24,966.7","23,800.0","36.18M","-2.32%"
"18/04/2022","24,433.3","25,666.7","25,733.3","24,433.3","43.13M","-4.81%"
"15/04/2022","25,666.7","26,200.0","26,466.7","25,133.3","44.66M","-2.53%"
"14/04/2022","26,333.3","26,000.0","27,066.7","25,933.3","35.06M","1.28%"
"13/04/2022","26,000.0","26,266.7","26,300.0","25,333.3","37.91M","0.00%"
"12/04/2022","26,000.0","26,066.7","26,800.0","26,000.0","37.81M","0.52%"
"08/04/2022","25,866.7","26,533.3","26,700.0","25,866.7","35.99M","-2.51%"
"07/04/2022","26,533.3","26,733.3","27,366.7","26,533.3","47.38M","-0.38%"
"06/04/2022","26,633.3","25,400.0","26,800.0","25,233.3","61.60M","4.31%"
"05/04/2022","25,533.3","25,800.0","26,133.3","25,433.3","23.66M","-1.79%"
"04/04/2022","26,000.0","26,400.0","26,600.0","25,933.3","36.76M","1.04%"
"01/04/2022","25,733.3","24,733.3","25,733.3","24,666.7","55.29M","3.76%"
"31/03/2022","24,800.0","24,600.0","25,000.0","24,533.3","13.74M","1.09%"
"30/03/2022","24,533.3","24,200.0","24,966.7","24,133.3","24.93M","1.10%"
"29/03/2022","24,266.7","24,166.7","24,333.3","24,166.7","11.13M","0.41%"
"28/03/2022","24,166.7","24,433.3","24,433.3","24,000.0","18.35M","-1.36%"
"25/03/2022","24,500.0","24,233.3","24,600.0","24,200.0","14.40M","1.10%"
"24/03/2022","24,233.3","24,433.3","24,466.7","24,233.3","19.01M","-0.82%"
"23/03/2022","24,433.3","24,700.0","24,700.0","24,433.3","13.93M","-0.54%"
"22/03/2022","24,566.7","24,533.3","25,066.7","24,533.3","15.70M","0.14%"
"21/03/2022","24,533.3","24,333.3","24,600.0","24,066.7","9.87M","1.52%"
"18/03/2022","24,166.7","24,366.7","24,466.7","24,133.3","14.20M","-0.55%"
"17/03/2022","24,300.0","24,633.3","24,733.3","24,300.0","12.37M","-0.95%"
"16/03/2022","24,533.3","24,666.7","24,833.3","24,533.3","12.87M","-0.27%"
"15/03/2022","24,600.0","24,000.0","24,633.3","24,000.0","17.44M","2.50%"
"14/03/2022","24,000.0","24,066.7","24,200.0","23,733.3","21.28M","-1.10%"
"11/03/2022","24,266.7","24,433.3","24,700.0","24,133.3","16.27M","-0.95%"
"10/03/2022","24,500.0","25,000.0","25,033.3","24,500.0","16.47M","-0.27%"
"09/03/2022","24,566.7","24,766.7","24,833.3","24,333.3","20.63M","-0.41%"
"08/03/2022","24,666.7","25,000.0","25,133.3","24,500.0","24.40M","-1.86%"
"07/03/2022","25,133.3","25,333.3","25,533.3","24,900.0","28.89M","-1.05%"
"04/03/2022","25,400.0","25,000.0","25,966.7","24,966.7","70.87M","1.74%"
"03/03/2022","24,966.7","24,533.3","24,966.7","24,333.3","30.22M","2.60%"
"02/03/2022","24,333.3","24,933.3","24,933.3","24,333.3","43.64M","-3.31%"
"01/03/2022","25,166.7","25,266.7","25,466.7","24,966.7","25.30M","-0.66%"
"28/02/2022","25,333.3","25,466.7","25,800.0","25,000.0","32.00M","-0.52%"
"25/02/2022","25,466.7","24,866.7","25,866.7","24,666.7","74.07M","3.52%"
"24/02/2022","24,600.0","23,900.0","24,800.0","23,733.3","53.60M","2.79%"
"23/02/2022","23,933.3","23,800.0","24,100.0","23,666.7","20.47M","0.98%"
"22/02/2022","23,700.0","23,666.7","23,933.3","23,466.7","16.04M","-0.97%"
"21/02/2022","23,933.3","23,866.7","24,100.0","23,600.0","15.26M","0.00%"
"18/02/2022","23,933.3","23,933.3","24,000.0","23,800.0","14.54M","-1.10%"
"17/02/2022","24,200.0","23,766.7","24,200.0","23,700.0","16.42M","1.82%"
"16/02/2022","23,766.7","24,066.7","24,266.7","23,766.7","10.37M","-0.83%"
"15/02/2022","23,966.7","23,466.7","24,133.3","23,466.7","18.83M","2.71%"
"14/02/2022","23,333.3","24,133.3","24,300.0","23,333.3","29.96M","-4.37%"
"11/02/2022","24,400.0","24,533.3","24,800.0","24,333.3","17.69M","-0.27%"
"10/02/2022","24,466.7","24,700.0","24,833.3","24,100.0","23.06M","-1.08%"
"09/02/2022","24,733.3","25,000.0","25,333.3","24,733.3","27.06M","-0.54%"
"08/02/2022","24,866.7","24,100.0","25,266.7","24,066.7","33.45M","2.75%"
"07/02/2022","24,200.0","24,666.7","24,800.0","24,200.0","16.85M","-0.95%"
"28/01/2022","24,433.3","23,766.7","24,466.7","23,666.7","36.13M","3.39%"
"27/01/2022","23,633.3","23,933.3","24,433.3","23,600.0","24.63M","-1.25%"
"26/01/2022","23,933.3","23,266.7","24,233.3","23,200.0","28.21M","2.87%"
"25/01/2022","23,266.7","22,266.7","23,266.7","22,066.7","17.55M","4.33%"
"24/01/2022","22,300.0","22,700.0","22,900.0","22,000.0","18.00M","-2.48%"
"21/01/2022","22,866.7","22,666.7","23,166.7","22,366.7","13.69M","1.03%"
"20/01/2022","22,633.3","22,400.0","22,633.3","22,133.3","11.64M","1.34%"
"19/01/2022","22,333.3","22,200.0","22,633.3","22,200.0","9.77M","0.75%"
"18/01/2022","22,166.7","22,033.3","22,600.0","22,000.0","9.51M","0.61%"
"17/01/2022","22,033.3","23,233.3","23,400.0","22,033.3","19.14M","-5.17%"
"14/01/2022","23,233.3","23,500.0","23,600.0","23,133.3","10.37M","-1.13%"
"13/01/2022","23,500.0","23,800.0","24,166.7","23,300.0","23.78M","-0.42%"
"12/01/2022","23,600.0","22,800.0","23,633.3","22,566.7","18.14M","3.21%"
"11/01/2022","22,866.7","22,933.3","23,200.0","22,666.7","13.97M","-0.29%"
"10/01/2022","22,933.3","23,000.0","23,400.0","22,766.7","16.57M","-0.58%"
"07/01/2022","23,066.7","23,400.0","23,433.3","23,066.7","17.99M","-1.56%"
"06/01/2022","23,433.3","23,533.3","23,666.7","23,266.7","21.52M","-0.99%"
"05/01/2022","23,666.7","24,033.3","24,100.0","23,666.7","19.89M","-1.53%"
"04/01/2022","24,033.3","24,100.0","24,233.3","24,000.0","21.46M","0.70%"
"31/12/2021","23,866.7","23,666.7","24,133.3","23,633.3","16.84M","1.13%"
"30/12/2021","23,600.0","23,266.7","23,700.0","23,233.3","14.29M","1.87%"
"29/12/2021","23,166.7","23,133.3","23,466.7","23,100.0","13.25M","0.58%"
"28/12/2021","23,033.3","23,000.0","23,033.3","22,733.3","14.80M","0.58%"
"27/12/2021","22,900.0","23,033.3","23,133.3","22,666.7","10.70M","0.29%"
"24/12/2021","22,833.3","21,800.0","22,900.0","21,666.7","19.65M","5.71%"
"23/12/2021","21,600.0","22,400.0","22,600.0","21,533.3","27.23M","-3.57%"
"22/12/2021","22,400.0","22,800.0","22,933.3","22,400.0","30.02M","-1.61%"
"21/12/2021","22,766.7","22,666.7","23,000.0","22,666.7","17.52M","0.00%"
"20/12/2021","22,766.7","22,866.7","23,300.0","22,533.3","33.89M","1.04%"
"17/12/2021","22,533.3","22,600.0","22,933.3","22,466.7","41.41M","0.30%"
"16/12/2021","22,466.7","23,333.3","23,333.3","22,333.3","56.21M","-2.74%"
"15/12/2021","23,100.0","23,333.3","23,400.0","22,966.7","37.46M","-1.00%"
"14/12/2021","23,333.3","23,600.0","23,866.7","23,333.3","24.13M","-1.13%"
"13/12/2021","23,600.0","24,000.0","24,066.7","23,533.3","17.35M","-1.12%"
"10/12/2021","23,866.7","23,833.3","24,133.3","23,700.0","22.91M","0.56%"
"09/12/2021","23,733.3","23,600.0","23,966.7","23,600.0","19.44M","-0.42%"
"08/12/2021","23,833.3","23,800.0","24,266.7","23,333.3","24.74M","0.28%"
"07/12/2021","23,766.7","23,800.0","24,033.3","23,233.3","23.04M","0.42%"
"06/12/2021","23,666.7","23,833.3","24,033.3","22,666.7","32.02M","-0.56%"
"03/12/2021","23,800.0","24,866.7","25,033.3","23,533.3","34.85M","-3.51%"
"02/12/2021","24,666.7","25,266.7","25,300.0","24,666.7","15.63M","-2.37%"
"01/12/2021","25,266.7","25,000.0","25,266.7","24,633.3","28.67M","0.53%"
"30/11/2021","25,133.3","25,866.7","25,933.3","24,866.7","30.73M","-1.82%"
"29/11/2021","25,600.0","25,733.3","25,933.3","25,333.3","38.25M","-2.04%"
"26/11/2021","26,133.3","25,600.0","26,333.3","25,466.7","67.12M","3.16%"
"25/11/2021","25,333.3","25,233.3","25,666.7","24,933.3","48.73M","1.88%"
"24/11/2021","24,866.7","24,166.7","25,066.7","23,933.3","53.98M","2.90%"
"23/11/2021","24,166.7","24,600.0","24,733.3","24,066.7","11.29M","-1.23%"
"22/11/2021","24,466.7","24,133.3","25,100.0","23,933.3","25.58M","1.38%"
"19/11/2021","24,133.3","23,666.7","24,533.3","23,233.3","29.38M","2.26%"
"18/11/2021","23,600.0","24,000.0","24,133.3","23,600.0","18.22M","-2.07%"
"17/11/2021","24,100.0","24,166.7","24,333.3","23,900.0","17.92M","0.00%"
"16/11/2021","24,100.0","24,100.0","24,666.7","23,933.3","13.64M","0.00%"
"15/11/2021","24,100.0","24,400.0","24,433.3","24,033.3","15.14M","-1.63%"
"12/11/2021","24,500.0","24,333.3","24,666.7","23,966.7","10.42M","0.69%"
"11/11/2021","24,333.3","24,466.7","24,700.0","23,700.0","13.80M","-0.55%"
"10/11/2021","24,466.7","24,733.3","24,800.0","24,400.0","9.42M","-0.94%"
"09/11/2021","24,700.0","25,066.7","25,133.3","24,700.0","15.21M","-1.33%"
"08/11/2021","25,033.3","25,466.7","25,466.7","25,000.0","12.10M","-1.05%"
"05/11/2021","25,300.0","25,333.3","25,633.3","25,233.3","6.58M","-0.13%"
"04/11/2021","25,333.3","25,700.0","25,700.0","25,266.7","6.87M","-1.04%"
"03/11/2021","25,600.0","25,000.0","26,000.0","25,000.0","26.43M","2.26%"
"02/11/2021","25,033.3","24,933.3","25,133.3","24,900.0","8.54M","0.00%"
"01/11/2021","25,033.3","25,333.3","25,566.7","25,000.0","9.72M","-1.31%"
"29/10/2021","25,366.7","25,800.0","26,000.0","25,266.7","11.78M","-1.42%"
"28/10/2021","25,733.3","25,633.3","25,733.3","25,300.0","16.00M","1.71%"
"27/10/2021","25,300.0","25,000.0","25,433.3","24,700.0","10.16M","2.43%"
"26/10/2021","24,700.0","24,433.3","24,700.0","24,133.3","8.56M","0.14%"
"25/10/2021","24,666.7","24,733.3","24,733.3","24,466.7","12.83M","-0.54%"
"22/10/2021","24,800.0","25,166.7","25,266.7","24,800.0","10.42M","-0.93%"
"21/10/2021","25,033.3","25,533.3","25,666.7","25,033.3","13.50M","-1.96%"
"20/10/2021","25,533.3","25,633.3","25,866.7","25,166.7","12.61M","-0.52%"
"19/10/2021","25,666.7","25,700.0","25,766.7","25,433.3","15.16M","0.26%"
"18/10/2021","25,600.0","25,066.7","26,000.0","25,000.0","22.62M","2.40%"
"15/10/2021","25,000.0","24,633.3","25,066.7","24,566.7","17.39M","1.49%"
"14/10/2021","24,633.3","24,333.3","24,633.3","24,333.3","12.12M","0.27%"
"13/10/2021","24,566.7","24,400.0","24,600.0","24,200.0","8.46M","0.41%"
"12/10/2021","24,466.7","24,533.3","24,666.7","24,166.7","9.62M","-0.27%"
"11/10/2021","24,533.3","23,866.7","24,533.3","23,666.7","16.11M","2.51%"
"08/10/2021","23,933.3","23,833.3","24,000.0","23,533.3","10.33M","0.70%"
"07/10/2021","23,766.7","23,466.7","23,933.3","23,266.7","18.67M","4.17%"
"06/10/2021","22,815.1","23,222.5","23,222.5","22,592.8","44.65M","-1.60%"
"05/10/2021","23,185.4","23,296.6","23,333.6","23,111.4","24.17M","-0.64%"
"04/10/2021","23,333.6","23,629.9","23,666.9","22,852.1","30.87M","-1.41%"
"01/10/2021","23,666.9","24,296.6","24,333.6","23,592.9","24.10M","-3.04%"
"30/09/2021","24,407.7","24,518.8","24,629.9","24,222.5","18.49M","-0.15%"
"29/09/2021","24,444.7","24,666.9","24,666.9","24,296.6","17.85M","-1.20%"
"28/09/2021","24,741.0","24,815.1","24,815.1","24,259.5","18.79M","-0.30%"
"27/09/2021","24,815.1","24,778.1","25,296.6","24,741.0","25.71M","0.00%"
"24/09/2021","24,815.1","24,815.1","24,926.2","24,704.0","11.60M","0.00%"
"23/09/2021","24,815.1","24,666.9","25,037.3","24,555.8","13.95M","0.30%"
"22/09/2021","24,741.0","24,778.1","24,815.1","24,444.7","12.48M","-0.15%"
"21/09/2021","24,778.1","24,889.2","25,074.4","24,629.9","18.59M","-0.89%"
"20/09/2021","25,000.3","25,370.7","25,481.8","24,852.1","21.93M","0.75%"
"17/09/2021","24,815.1","24,259.5","24,963.2","24,222.5","35.28M","3.08%"
"16/09/2021","24,074.3","23,815.1","24,074.3","23,778.0","12.69M","1.72%"
"15/09/2021","23,666.9","23,407.7","23,741.0","23,370.6","11.21M","0.00%"
"14/09/2021","23,666.9","24,000.3","24,000.3","23,592.9","16.67M","-1.39%"
"13/09/2021","24,000.3","24,074.3","24,444.7","23,963.2","20.11M","0.31%"
"10/09/2021","23,926.2","23,555.8","24,222.5","23,555.8","27.65M","1.89%"
"09/09/2021","23,481.7","22,963.2","23,518.8","22,963.2","16.65M","2.26%"
"08/09/2021","22,963.2","23,555.8","23,592.9","22,963.2","14.09M","-2.36%"
"07/09/2021","23,518.8","22,666.9","23,629.9","22,666.9","28.39M","3.93%"
"06/09/2021","22,629.9","22,852.1","22,889.1","22,555.8","12.50M","-0.65%"
"01/09/2021","22,778.0","22,666.9","22,963.2","22,481.7","17.71M","-0.16%"
"31/08/2021","22,815.1","22,852.1","23,000.3","22,741.0","14.46M","0.00%"
"30/08/2021","22,815.1","22,926.2","22,963.2","22,629.9","11.03M","0.65%"
"27/08/2021","22,666.9","22,296.5","22,666.9","22,148.4","17.38M","0.66%"
"26/08/2021","22,518.8","22,889.1","22,963.2","22,481.7","11.28M","-0.98%"
"25/08/2021","22,741.0","22,778.0","22,852.1","22,518.8","9.92M","0.66%"
"24/08/2021","22,592.8","22,555.8","23,000.3","22,370.6","22.53M","0.66%"
"23/08/2021","22,444.7","22,963.2","23,111.4","22,444.7","24.73M","-3.04%"
"20/08/2021","23,148.4","23,741.0","23,778.0","22,592.8","43.05M","-3.25%"
"19/08/2021","23,926.2","23,629.9","23,926.2","23,370.6","32.64M","0.94%"
"18/08/2021","23,704.0","24,074.3","24,111.4","23,555.8","38.00M","-1.69%"
"17/08/2021","24,111.4","24,444.7","24,592.9","23,889.2","30.72M","-0.76%"
"16/08/2021","24,296.6","23,704.0","24,741.0","23,666.9","42.23M","3.14%"
"13/08/2021","23,555.8","23,333.6","23,555.8","23,222.5","40.84M","2.75%"
"12/08/2021","22,926.2","22,741.0","23,185.4","22,704.0","26.70M","1.14%"
"11/08/2021","22,666.9","22,481.7","22,926.2","22,407.7","36.38M","1.16%"
"10/08/2021","22,407.7","22,704.0","22,778.0","22,259.5","16.74M","-0.82%"
"09/08/2021","22,592.8","22,222.5","22,704.0","22,222.5","23.92M","0.66%"
"06/08/2021","22,444.7","22,778.0","22,963.2","22,444.7","32.24M","-1.94%"
"05/08/2021","22,889.1","22,444.7","22,889.1","22,333.6","21.74M","2.15%"
"04/08/2021","22,407.7","22,481.7","22,666.9","22,370.6","21.68M","-0.49%"
"03/08/2021","22,518.8","22,296.5","22,555.8","22,296.5","23.46M","0.66%"
"02/08/2021","22,370.6","22,778.0","22,778.0","22,370.6","20.46M","-0.98%"
"30/07/2021","22,592.8","21,481.7","22,592.8","21,370.6","42.22M","5.72%"
"29/07/2021","21,370.6","21,481.7","21,555.8","21,111.4","23.20M","2.49%"
"28/07/2021","20,852.1","20,963.2","21,148.4","20,852.1","12.51M","-1.23%"
"27/07/2021","21,111.4","21,407.7","21,592.8","20,963.2","34.85M","0.53%"
"26/07/2021","21,000.2","21,481.7","21,629.9","20,926.2","25.21M","-3.08%"
"23/07/2021","21,666.9","22,481.7","22,592.8","21,666.9","30.18M","-3.78%"
"22/07/2021","22,518.8","22,333.6","22,704.0","22,111.4","17.92M","0.83%"
"21/07/2021","22,333.6","22,592.8","22,852.1","22,333.6","21.00M","-0.49%"
"20/07/2021","22,444.7","22,222.5","22,592.8","21,666.9","31.46M","1.00%"
"19/07/2021","22,222.5","23,111.4","23,333.6","22,222.5","45.93M","-6.98%"
"16/07/2021","23,889.2","24,074.3","24,185.5","23,815.1","41.79M","0.78%"
"15/07/2021","23,704.0","22,815.1","24,333.6","22,592.8","47.99M","4.07%"
"14/07/2021","22,778.0","23,518.8","23,704.0","22,259.5","60.49M","-3.91%"
"13/07/2021","23,704.0","23,852.1","24,074.3","22,889.1","48.12M","0.00%"
"12/07/2021","23,704.0","25,333.6","25,370.7","23,704.0","60.27M","-6.98%"
"09/07/2021","25,481.8","25,444.7","26,037.3","24,815.1","57.25M","-0.72%"
"08/07/2021","25,667.0","26,222.5","26,370.7","25,667.0","52.92M","-1.98%"
"07/07/2021","26,185.5","26,296.6","26,481.8","25,592.9","45.26M","-0.42%"
"06/07/2021","26,296.6","26,852.2","27,148.5","26,296.6","89.74M","-2.34%"
"05/07/2021","26,926.2","26,815.1","27,000.3","26,481.8","63.64M","0.83%"
"02/07/2021","26,704.0","26,592.9","26,741.0","26,111.4","86.11M","2.41%"
"01/07/2021","26,074.4","25,259.5","26,111.4","25,037.3","83.46M","3.99%"
"30/06/2021","25,074.4","24,815.1","25,185.5","24,815.1","41.63M","1.20%"
"29/06/2021","24,778.1","25,185.5","25,259.5","24,741.0","42.38M","-1.62%"
"28/06/2021","25,185.5","25,333.6","25,333.6","25,074.4","46.66M","-0.29%"
"25/06/2021","25,259.5","25,370.7","25,555.8","25,148.4","29.86M","-0.58%"
"24/06/2021","25,407.7","25,741.0","25,778.1","25,333.6","36.17M","-0.58%"
"23/06/2021","25,555.8","25,185.5","25,704.0","25,148.4","82.81M","4.55%"
"22/06/2021","24,444.7","24,629.9","24,741.0","24,259.5","43.81M","-0.75%"
"21/06/2021","24,629.9","24,666.9","24,815.1","24,407.7","41.90M","0.00%"
"18/06/2021","24,629.9","24,407.7","24,704.0","24,407.7","40.18M","0.76%"
"17/06/2021","24,444.7","24,444.7","24,592.9","24,074.3","42.48M","-1.20%"
"16/06/2021","24,741.0","24,444.7","25,185.5","24,444.7","65.00M","0.45%"
"15/06/2021","24,629.9","26,000.3","26,000.3","24,444.7","102.15M","-6.21%"
"14/06/2021","26,259.6","26,407.7","26,407.7","25,926.2","94.92M","-1.12%"
"11/06/2021","26,555.9","26,296.6","26,592.9","26,000.3","81.04M","-0.14%"
"10/06/2021","26,592.9","26,296.6","26,704.0","25,963.3","206.63M","0.00%"
"09/06/2021","26,592.9","26,296.6","26,741.0","25,963.3","90.20M","0.42%"
"08/06/2021","26,481.8","26,333.6","26,667.0","25,963.3","137.25M","-0.69%"
"07/06/2021","26,667.0","26,296.6","26,667.0","25,741.0","123.25M","0.42%"
"04/06/2021","26,555.9","25,667.0","26,592.9","25,407.7","206.77M","1.56%"
"03/06/2021","26,148.4","25,963.3","26,222.5","25,222.5","159.99M","0.57%"
"02/06/2021","26,000.3","25,555.8","26,037.3","25,222.5","79.29M","1.30%"
"01/06/2021","25,667.0","25,370.7","26,000.3","24,889.2","125.49M","0.14%"
"31/05/2021","25,629.9","25,407.7","25,629.9","24,889.2","89.47M","0.87%"
"28/05/2021","25,407.7","24,852.1","25,444.7","24,778.1","107.76M","1.93%"
"27/05/2021","24,926.2","25,074.4","25,074.4","24,481.8","104.33M","-0.44%"
"26/05/2021","25,037.3","24,666.9","25,148.4","24,481.8","95.03M","1.20%"
"25/05/2021","24,741.0","24,259.5","25,000.3","24,222.5","85.81M","0.15%"
"24/05/2021","24,704.0","25,111.4","25,111.4","24,148.4","107.22M","-1.62%"
"21/05/2021","25,111.4","24,741.0","25,185.5","24,074.3","115.56M","1.50%"
"20/05/2021","24,741.0","24,889.2","24,963.2","24,259.5","92.75M","-1.04%"
"19/05/2021","25,000.3","24,629.9","25,000.3","24,074.3","111.52M","0.45%"
"18/05/2021","24,889.2","24,370.6","24,889.2","23,889.2","82.74M","2.13%"
"17/05/2021","24,370.6","24,741.0","24,963.2","24,037.3","98.49M","-1.20%"
"14/05/2021","24,666.9","24,148.4","24,666.9","23,629.9","119.94M","2.30%"
"13/05/2021","24,111.4","23,518.8","24,259.5","23,444.7","69.44M","1.72%"
"12/05/2021","23,704.0","23,222.5","23,704.0","22,778.0","90.19M","1.59%"
"11/05/2021","23,333.6","23,111.4","23,518.8","22,778.0","66.26M","1.12%"
"10/05/2021","23,074.3","22,592.8","23,185.4","22,222.5","97.39M","1.30%"
"07/05/2021","22,778.0","22,778.0","22,815.1","22,259.5","98.03M","-0.49%"
"06/05/2021","22,889.1","22,444.7","22,926.2","22,333.6","77.94M","1.98%"
"05/05/2021","22,444.7","22,037.3","22,815.1","21,741.0","59.31M","1.85%"
"04/05/2021","22,037.3","21,148.4","22,037.3","20,815.1","67.08M","1.71%"
"29/04/2021","21,666.9","20,555.8","21,778.0","20,074.3","112.15M","6.36%"
"28/04/2021","20,370.6","19,815.0","20,370.6","19,555.8","47.68M","3.38%"
"27/04/2021","19,703.9","19,407.6","19,778.0","19,037.3","45.78M","0.38%"
"26/04/2021","19,629.9","19,074.3","19,815.0","19,037.3","48.78M","3.92%"
"23/04/2021","18,889.1","18,240.9","18,889.1","18,074.3","47.89M","4.08%"
"22/04/2021","18,148.4","18,370.6","19,074.3","17,055.7","50.03M","-1.01%"
"20/04/2021","18,333.5","18,352.1","18,481.7","18,148.4","20.17M","-0.10%"
"19/04/2021","18,352.1","18,333.5","18,352.1","17,852.1","16.83M","1.23%"
"16/04/2021","18,129.8","18,333.5","18,518.7","17,963.2","21.52M","-2.10%"
"15/04/2021","18,518.7","18,555.8","18,852.1","18,370.6","23.19M","-0.20%"
"14/04/2021","18,555.8","18,518.7","18,592.8","18,148.4","22.76M","0.81%"
"13/04/2021","18,407.6","18,518.7","18,703.9","18,166.9","23.59M","1.43%"
"12/04/2021","18,148.4","17,592.8","18,278.0","17,592.8","33.77M","3.81%"
"09/04/2021","17,481.7","17,296.5","17,648.3","17,148.3","16.59M","1.07%"
"08/04/2021","17,296.5","17,407.6","17,481.7","17,074.3","11.57M","0.43%"
"07/04/2021","17,222.4","17,037.2","17,407.6","17,037.2","11.16M","0.11%"
"06/04/2021","17,203.9","17,203.9","17,407.6","16,666.9","10.17M","0.00%"
"05/04/2021","17,203.9","17,333.5","17,333.5","17,000.2","8.54M","0.54%"
"02/04/2021","17,111.3","17,185.4","17,259.5","16,981.7","6.48M","0.65%"
"01/04/2021","17,000.2","16,537.2","17,074.3","16,444.6","13.90M","2.80%"
"31/03/2021","16,537.2","16,370.6","16,648.3","16,370.6","7.76M","-0.67%"
"30/03/2021","16,648.3","16,592.8","16,759.4","16,370.6","9.99M","1.01%"
"29/03/2021","16,481.7","16,111.3","16,481.7","15,944.6","7.38M","2.53%"
"26/03/2021","16,074.3","16,018.7","16,148.3","15,370.5","9.46M","0.35%"
"25/03/2021","16,018.7","16,333.5","16,407.6","15,963.1","6.10M","-1.93%"
"24/03/2021","16,333.5","16,240.9","16,407.6","15,926.1","10.17M","-0.90%"
"23/03/2021","16,481.7","16,389.1","16,629.8","16,296.5","10.76M","-0.89%"
"22/03/2021","16,629.8","16,703.9","16,740.9","16,407.6","11.62M","-0.66%"
"19/03/2021","16,740.9","16,740.9","16,907.6","16,592.8","7.81M","-1.42%"
"18/03/2021","16,981.7","16,815.0","16,981.7","16,574.3","16.77M","2.80%"
"17/03/2021","16,518.7","16,426.1","16,648.3","16,259.4","9.37M","0.56%"
"16/03/2021","16,426.1","16,592.8","16,592.8","16,074.3","14.84M","-1.00%"
"15/03/2021","16,592.8","16,481.7","16,666.9","16,259.4","13.72M","0.67%"
"12/03/2021","16,481.7","16,333.5","16,666.9","16,203.9","23.36M","1.71%"
"11/03/2021","16,203.9","15,740.9","16,444.6","15,629.8","21.23M","4.17%"
"10/03/2021","15,555.7","15,518.7","15,703.9","15,296.5","9.87M","0.48%"
"09/03/2021","15,481.7","15,185.4","15,740.9","15,000.2","15.54M","1.09%"
"08/03/2021","15,315.0","15,518.7","15,740.9","15,148.3","9.61M","-1.08%"
"05/03/2021","15,481.7","15,148.3","15,518.7","15,000.2","9.67M","0.72%"
"04/03/2021","15,370.5","15,555.7","15,833.5","14,815.0","20.25M","-0.24%"
"03/03/2021","15,407.6","15,092.8","15,444.6","15,037.2","16.38M","2.09%"
"02/03/2021","15,092.8","15,222.4","15,240.9","15,037.2","13.91M","-0.12%"
"01/03/2021","15,111.3","15,074.2","15,166.8","14,833.5","9.05M","2.00%"
"26/02/2021","14,815.0","14,333.5","14,907.6","14,315.0","15.79M","1.01%"
"25/02/2021","14,666.8","14,703.9","14,815.0","14,240.9","20.52M","-0.25%"
"24/02/2021","14,703.9","15,222.4","15,222.4","14,629.8","13.29M","-1.98%"
"23/02/2021","15,000.2","15,185.4","15,407.6","14,629.8","24.28M","-1.10%"
"22/02/2021","15,166.8","14,926.1","15,555.7","14,833.5","13.19M","0.86%"
"19/02/2021","15,037.2","14,926.1","15,278.0","14,852.0","14.79M","-1.70%"
"18/02/2021","15,296.5","15,148.3","15,370.5","14,815.0","13.91M","0.36%"
"17/02/2021","15,240.9","14,629.8","15,240.9","14,518.7","18.58M","6.88%"
"09/02/2021","14,259.4","13,518.7","14,259.4","13,111.3","30.85M","6.94%"
"08/02/2021","13,333.5","13,703.9","13,703.9","12,777.9","23.18M","-2.70%"
"05/02/2021","13,703.9","13,555.7","13,740.9","13,444.6","15.15M","1.09%"
"04/02/2021","13,555.7","13,148.3","13,777.9","13,148.3","22.33M","3.24%"
"03/02/2021","13,129.8","12,592.7","13,129.8","12,407.5","19.47M","6.94%"
"02/02/2021","12,277.9","11,481.6","12,277.9","11,481.6","12.26M","6.94%"
"01/02/2021","11,481.6","11,185.3","11,722.4","11,111.2","21.86M","3.33%"
"29/01/2021","11,111.2","10,444.6","11,740.9","10,444.6","20.74M","1.18%"
"28/01/2021","10,981.6","11,000.1","11,444.6","10,981.6","23.51M","-6.91%"
"27/01/2021","11,796.4","12,222.4","12,777.9","11,703.8","21.80M","-5.91%"
"26/01/2021","12,537.2","13,148.3","13,166.8","12,370.5","17.90M","-5.71%"
"25/01/2021","13,296.4","13,481.6","13,481.6","13,185.3","9.52M","-1.64%"
"22/01/2021","13,518.7","13,444.6","13,629.8","13,240.9","10.98M","0.83%"
"21/01/2021","13,407.6","12,963.1","13,537.2","12,666.8","18.58M","5.85%"
"20/01/2021","12,666.8","12,592.7","12,777.9","11,703.8","21.80M","0.88%"
"19/01/2021","12,555.7","13,370.5","13,426.1","12,555.7","20.02M","-7.00%"
"18/01/2021","13,500.2","13,796.5","13,833.5","13,500.2","13.83M","-2.15%"
"15/01/2021","13,796.5","13,759.4","14,074.2","13,703.9","12.58M","1.22%"
"14/01/2021","13,629.8","13,333.5","13,815.0","13,148.3","17.63M","3.08%"
"13/01/2021","13,222.4","12,926.1","13,407.6","12,852.0","14.93M","2.29%"
"12/01/2021","12,926.1","13,037.2","13,037.2","12,703.8","12.45M","-0.85%"
"11/01/2021","13,037.2","13,333.5","13,333.5","12,981.6","11.96M","-0.98%"
"08/01/2021","13,166.8","13,092.7","13,333.5","12,944.6","12.31M","1.86%"
"07/01/2021","12,926.1","12,796.4","12,944.6","12,629.8","12.67M","1.45%"
"06/01/2021","12,740.9","12,963.1","12,963.1","12,666.8","16.63M","0.15%"
"05/01/2021","12,722.4","12,592.7","12,833.5","12,555.7","15.28M","0.44%"
"04/01/2021","12,666.8","12,185.3","12,666.8","12,055.7","22.64M","5.23%"
"31/12/2020","12,037.2","11,777.9","12,166.8","11,777.9","19.69M","2.20%"
"30/12/2020","11,777.9","11,796.4","12,000.1","11,777.9","15.27M","0.32%"
"29/12/2020","11,740.9","11,944.6","12,000.1","11,703.8","16.16M","-1.86%"
"28/12/2020","11,963.1","12,222.4","12,222.4","11,852.0","12.25M","-0.62%"
"25/12/2020","12,037.2","11,481.6","12,037.2","11,444.6","16.49M","3.17%"
"24/12/2020","11,666.8","11,852.0","12,018.7","11,111.2","18.47M","-1.56%"
"23/12/2020","11,852.0","12,222.4","12,222.4","11,481.6","13.86M","-3.03%"
"22/12/2020","12,222.4","12,222.4","12,407.5","11,926.1","15.82M","0.00%"
"21/12/2020","12,222.4","11,889.0","12,407.5","11,889.0","15.82M","4.27%"
"18/12/2020","11,722.4","11,185.3","11,722.4","11,111.2","26.19M","6.93%"
"17/12/2020","10,963.1","10,814.9","11,203.8","10,759.4","26.34M","1.02%"
"16/12/2020","10,852.0","10,500.1","10,889.0","10,370.5","19.91M","4.27%"
"15/12/2020","10,407.5","10,703.8","10,722.3","10,389.0","16.37M","-2.09%"
"14/12/2020","10,629.8","10,629.8","10,722.3","10,518.6","15.26M","1.41%"
"11/12/2020","10,481.6","10,426.0","10,481.6","10,296.4","11.94M","1.07%"
"10/12/2020","10,370.5","10,555.7","10,574.2","10,370.5","16.44M","-1.58%"
"09/12/2020","10,537.2","10,611.2","10,666.8","10,500.1","14.39M","0.35%"
"08/12/2020","10,500.1","10,555.7","10,574.2","10,407.5","12.78M","0.89%"
"07/12/2020","10,407.5","10,444.6","10,500.1","10,333.5","12.00M","1.08%"
"04/12/2020","10,296.4","10,444.6","10,574.2","10,296.4","20.72M","-1.77%"
"03/12/2020","10,481.6","10,259.4","10,537.2","10,185.3","22.80M","2.17%"
"02/12/2020","10,259.4","10,296.4","10,370.5","10,148.3","20.38M","-0.72%"
"01/12/2020","10,333.5","9,777.9","10,370.5","9,759.4","29.57M","4.11%"
"30/11/2020","9,926.0","10,074.2","10,111.2","9,926.0","24.54M","-0.74%"
"27/11/2020","10,000.1","10,055.7","10,092.7","9,889.0","16.85M","-0.74%"
"26/11/2020","10,074.2","9,889.0","10,074.2","9,796.4","20.86M","1.87%"
"25/11/2020","9,889.0","9,629.7","9,889.0","9,518.6","33.25M","4.09%"
"24/11/2020","9,500.1","9,444.6","9,629.7","9,352.0","23.61M","0.59%"
"23/11/2020","9,444.6","9,444.6","9,463.1","8,796.4","18.35M","0.00%"
"20/11/2020","9,444.6","9,426.0","9,444.6","9,314.9","14.13M","0.00%"
"19/11/2020","9,444.6","9,277.9","9,481.6","9,222.3","32.02M","2.41%"
"18/11/2020","9,222.3","9,240.8","9,333.4","9,203.8","20.70M","-0.40%"
"17/11/2020","9,259.4","8,944.5","9,259.4","8,889.0","21.00M","3.52%"
"16/11/2020","8,944.5","9,111.2","9,222.3","8,889.0","24.67M","-1.43%"
"13/11/2020","9,074.2","8,870.5","9,074.2","8,833.4","19.43M","2.73%"
"12/11/2020","8,833.4","8,796.4","8,833.4","8,759.4","7.82M","0.42%"
"11/11/2020","8,796.4","8,796.4","8,833.4","8,685.3","14.46M","0.00%"
"10/11/2020","8,796.4","8,944.5","8,963.1","8,796.4","13.51M","-0.42%"
"09/11/2020","8,833.4","8,777.9","8,833.4","8,740.8","11.17M","1.49%"
"06/11/2020","8,703.8","8,777.9","8,814.9","8,629.7","9.45M","-0.84%"
"05/11/2020","8,777.9","8,963.1","8,981.6","8,740.8","11.23M","-2.07%"
"04/11/2020","8,963.1","8,889.0","9,037.1","8,852.0","11.11M","1.04%"
"03/11/2020","8,870.5","8,814.9","8,926.0","8,796.4","13.99M","0.63%"
"02/11/2020","8,814.9","8,740.8","8,814.9","8,666.8","6.61M","0.85%"
"30/10/2020","8,740.8","8,740.8","8,740.8","8,481.6","16.33M","1.29%"
"29/10/2020","8,629.7","8,592.7","8,777.9","8,518.6","16.32M","0.43%"
"28/10/2020","8,592.7","8,963.1","9,055.7","8,592.7","25.89M","-4.72%"
"27/10/2020","9,018.6","9,074.2","9,222.3","9,000.1","27.52M","0.21%"
"26/10/2020","9,000.1","9,518.6","9,629.7","9,000.1","26.78M","-5.45%"
"23/10/2020","9,518.6","9,481.6","9,518.6","9,352.0","19.51M","0.39%"
"22/10/2020","9,481.6","9,370.5","9,481.6","9,259.4","23.07M","1.99%"
"21/10/2020","9,296.4","9,259.4","9,740.9","9,166.8","43.36M","1.21%"
"20/10/2020","9,185.3","8,963.1","9,240.8","8,926.0","35.04M","1.43%"
"19/10/2020","9,055.7","9,185.3","9,203.8","9,018.6","19.22M","-0.61%"
"16/10/2020","9,111.2","8,907.5","9,277.9","8,852.0","31.23M","2.29%"
"15/10/2020","8,907.5","8,944.5","8,963.1","8,814.9","22.56M","0.21%"
"14/10/2020","8,889.0","8,703.8","8,944.5","8,666.8","27.45M","2.56%"
"13/10/2020","8,666.8","8,666.8","8,722.3","8,611.2","7.13M","0.00%"
"12/10/2020","8,666.8","8,777.9","8,833.4","8,592.7","9.64M","0.00%"
"09/10/2020","8,666.8","8,685.3","8,740.8","8,592.7","9.44M","-0.21%"
"08/10/2020","8,685.3","8,796.4","8,852.0","8,592.7","20.56M","-1.26%"
"07/10/2020","8,796.4","8,944.5","8,963.1","8,796.4","16.92M","-1.66%"
"06/10/2020","8,944.5","9,018.6","9,037.1","8,870.5","16.57M","-0.21%"
"05/10/2020","8,963.1","8,926.0","9,018.6","8,852.0","19.05M","2.33%"
"02/10/2020","8,759.4","8,944.5","8,963.1","8,611.2","21.11M","-1.87%"
"01/10/2020","8,926.0","8,852.0","9,000.1","8,796.4","14.26M","1.47%"
"30/09/2020","8,796.4","8,777.9","8,814.9","8,685.3","14.07M","0.00%"
"29/09/2020","8,796.4","8,889.0","9,074.2","8,777.9","31.27M","-0.21%"
"28/09/2020","8,814.9","8,629.7","8,852.0","8,629.7","22.92M","2.15%"
"25/09/2020","8,629.7","8,703.8","8,703.8","8,574.2","8.60M","-0.64%"
"24/09/2020","8,685.3","8,740.8","8,814.9","8,648.2","10.91M","-1.47%"
"23/09/2020","8,814.9","8,685.3","8,852.0","8,648.2","23.49M","1.71%"
"22/09/2020","8,666.8","8,555.7","8,703.8","8,555.7","8.65M","0.22%"
"21/09/2020","8,648.2","8,703.8","8,740.8","8,611.2","11.87M","0.43%"
"18/09/2020","8,611.2","8,481.6","8,611.2","8,481.6","9.49M","1.75%"
"17/09/2020","8,463.1","8,500.1","8,629.7","8,463.1","9.45M","-0.65%"
"16/09/2020","8,518.6","8,518.6","8,555.7","8,481.6","7.19M","-0.22%"
"15/09/2020","8,537.1","8,592.7","8,611.2","8,518.6","11.16M","-0.65%"
"14/09/2020","8,592.7","8,481.6","8,666.8","8,481.6","8.83M","1.53%"
"11/09/2020","8,463.1","8,407.5","8,500.1","8,370.5","6.69M","0.22%"
"10/09/2020","8,444.5","8,500.1","8,537.1","8,444.5","9.40M","-0.22%"
"09/09/2020","8,463.1","8,333.4","8,518.6","8,314.9","13.34M","-0.22%"
"08/09/2020","8,481.6","8,370.5","8,518.6","8,333.4","12.83M","1.78%"
"07/09/2020","8,333.4","8,759.4","8,759.4","8,333.4","15.91M","-4.05%"
"04/09/2020","8,685.3","8,592.7","8,777.9","8,574.2","11.09M","-1.05%"
"03/09/2020","8,777.9","8,759.4","8,852.0","8,648.2","11.46M","1.28%"
"01/09/2020","8,666.8","8,629.7","8,703.8","8,444.5","14.09M","0.22%"
"31/08/2020","8,648.2","8,814.9","8,870.5","8,611.2","9.09M","-1.06%"
"28/08/2020","8,740.8","8,629.7","8,870.5","8,555.7","19.08M","2.16%"
"27/08/2020","8,555.7","8,481.6","8,574.2","8,444.5","10.52M","0.87%"
"26/08/2020","8,481.6","8,463.1","8,592.7","8,444.5","12.01M","-0.43%"
"25/08/2020","8,518.6","8,629.7","8,722.3","8,463.1","16.96M","-0.86%"
"24/08/2020","8,592.7","8,277.9","8,592.7","8,259.4","19.49M","5.94%"
"21/08/2020","8,111.2","7,981.6","8,129.7","7,926.0","16.51M","2.58%"
"20/08/2020","7,907.5","7,926.0","8,018.6","7,889.0","9.63M","-0.23%"
"19/08/2020","7,926.0","7,889.0","7,981.6","7,889.0","4.52M","0.47%"
"18/08/2020","7,889.0","7,926.0","7,981.6","7,889.0","5.25M","0.00%"
"17/08/2020","7,889.0","7,851.9","7,963.1","7,796.4","7.08M","-0.47%"
"14/08/2020","7,926.0","8,055.6","8,111.2","7,889.0","9.50M","-1.61%"
"13/08/2020","8,055.6","8,074.2","8,129.7","8,037.1","6.30M","0.23%"
"12/08/2020","8,037.1","8,000.1","8,055.6","7,944.5","10.04M","1.17%"
"11/08/2020","7,944.5","7,981.6","8,000.1","7,889.0","5.50M","0.47%"
"10/08/2020","7,907.5","7,963.1","8,037.1","7,907.5","9.15M","0.47%"
"07/08/2020","7,870.5","7,944.5","7,963.1","7,833.4","6.40M","-0.47%"
"06/08/2020","7,907.5","8,000.1","8,037.1","7,851.9","8.22M","-0.70%"
"05/08/2020","7,963.1","7,814.9","7,963.1","7,740.8","9.08M","1.90%"
"04/08/2020","7,814.9","7,851.9","8,000.1","7,759.3","9.31M","0.72%"
"03/08/2020","7,759.3","7,481.6","7,759.3","7,444.5","7.64M","3.71%"
"31/07/2020","7,481.6","7,370.5","7,574.2","7,296.4","6.70M","-0.49%"
"30/07/2020","7,518.6","7,481.6","7,666.8","7,407.5","6.22M","1.75%"
"29/07/2020","7,389.0","7,426.0","7,500.1","7,185.3","9.31M","-3.62%"
"28/07/2020","7,666.8","7,481.6","7,666.8","7,314.9","12.79M","4.81%"
"27/07/2020","7,314.9","7,407.5","7,759.3","7,314.9","17.46M","-6.84%"
"24/07/2020","7,851.9","8,277.9","8,296.4","7,759.3","18.38M","-5.78%"
"23/07/2020","8,333.4","8,296.4","8,333.4","8,185.3","6.43M","0.22%"
"22/07/2020","8,314.9","8,444.5","8,481.6","8,277.9","5.99M","-1.32%"
"21/07/2020","8,426.0","8,407.5","8,463.1","8,333.4","4.92M","0.22%"
"20/07/2020","8,407.5","8,592.7","8,629.7","8,407.5","7.94M","-1.52%"
"17/07/2020","8,537.1","8,333.4","8,592.7","8,314.9","13.73M","1.99%"
"16/07/2020","8,370.5","8,333.4","8,370.5","8,296.4","5.25M","0.45%"
"15/07/2020","8,333.4","8,351.9","8,444.5","8,333.4","5.95M","1.35%"
"14/07/2020","8,222.3","8,166.8","8,296.4","8,111.2","9.28M","-0.67%"
"13/07/2020","8,277.9","8,481.6","8,500.1","8,222.3","6.92M","-1.32%"
"10/07/2020","8,389.0","8,407.5","8,537.1","8,351.9","6.05M","-0.88%"
"09/07/2020","8,463.1","8,166.8","8,500.1","8,166.8","12.96M","4.34%"
"08/07/2020","8,111.2","8,037.1","8,129.7","7,963.1","4.51M","0.92%"
"07/07/2020","8,037.1","8,185.3","8,259.4","8,018.6","5.48M","-1.36%"
"06/07/2020","8,148.2","7,926.0","8,185.3","7,889.0","5.50M","3.29%"
"03/07/2020","7,889.0","7,870.5","7,963.1","7,870.5","2.53M","-0.70%"
"02/07/2020","7,944.5","7,963.1","8,037.1","7,851.9","4.49M","-0.69%"
"01/07/2020","8,000.1","7,685.3","8,000.1","7,518.6","6.08M","5.62%"
"30/06/2020","7,574.2","7,926.0","7,926.0","7,500.1","8.09M","-2.62%"
"29/06/2020","7,777.9","8,037.1","8,037.1","7,722.3","11.83M","-4.54%"
"26/06/2020","8,148.2","8,277.9","8,296.4","8,074.2","3.92M","0.00%"
"25/06/2020","8,148.2","8,074.2","8,259.4","8,074.2","6.22M","-1.35%"
"24/06/2020","8,259.4","8,407.5","8,444.5","8,222.3","6.81M","-1.98%"
"23/06/2020","8,426.0","8,407.5","8,463.1","8,296.4","5.49M","0.22%"
"22/06/2020","8,407.5","8,518.6","8,518.6","8,333.4","5.59M","-0.44%"
"19/06/2020","8,444.5","8,296.4","8,463.1","8,277.9","6.62M","2.24%"
"18/06/2020","8,259.4","8,222.3","8,351.9","8,185.3","4.12M","-0.22%"
"17/06/2020","8,277.9","8,259.4","8,351.9","8,148.2","7.52M","0.68%"
"16/06/2020","8,222.3","8,259.4","8,333.4","8,111.2","8.36M","2.78%"
"15/06/2020","8,000.1","8,555.7","8,555.7","8,000.1","15.70M","-6.49%"
"12/06/2020","8,555.7","8,185.3","8,629.7","8,185.3","16.34M","0.00%"
"11/06/2020","8,555.7","9,000.1","9,000.1","8,555.7","21.32M","-4.35%"
"10/06/2020","8,944.5","8,889.0","9,074.2","8,703.8","15.12M","0.21%"
"09/06/2020","8,926.0","9,055.7","9,055.7","8,889.0","13.25M","-1.43%"
"08/06/2020","9,055.7","9,203.8","9,259.4","9,037.1","21.76M","-0.20%"
"05/06/2020","9,074.2","8,852.0","9,074.2","8,814.9","14.87M","2.08%"
"04/06/2020","8,889.0","9,074.2","9,111.2","8,870.5","16.11M","-1.23%"
"03/06/2020","9,000.1","8,944.5","9,037.1","8,870.5","10.59M","0.83%"
"02/06/2020","8,926.0","9,203.8","9,203.8","8,870.5","16.14M","-1.83%"
"01/06/2020","9,092.7","8,796.4","9,092.7","8,666.8","24.16M","5.14%"
"29/05/2020","8,648.2","8,555.7","8,666.8","8,500.1","9.98M","1.08%"
"28/05/2020","8,555.7","8,555.7","8,703.8","8,426.0","17.43M","0.44%"
"27/05/2020","8,518.6","9,000.1","9,055.7","8,518.6","21.38M","-4.76%"
"26/05/2020","8,944.5","9,000.1","9,166.8","8,907.5","13.65M","0.62%"
"25/05/2020","8,889.0","8,889.0","8,981.6","8,740.8","13.97M","-0.62%"
"22/05/2020","8,944.5","9,148.3","9,166.8","8,926.0","13.07M","-2.23%"
"21/05/2020","9,148.3","9,074.2","9,166.8","8,944.5","18.07M","0.41%"
"20/05/2020","9,111.2","9,074.2","9,222.3","9,055.7","12.95M","-1.60%"
"19/05/2020","9,259.4","9,629.7","9,629.7","9,240.8","19.61M","-0.40%"
"18/05/2020","9,296.4","8,814.9","9,296.4","8,759.4","31.71M","5.24%"
"15/05/2020","8,833.4","8,796.4","8,870.5","8,685.3","13.67M","0.84%"
"14/05/2020","8,759.4","8,777.9","8,852.0","8,648.2","13.65M","-1.05%"
"13/05/2020","8,852.0","8,777.9","8,963.1","8,537.1","19.73M","-0.62%"
"12/05/2020","8,907.5","8,963.1","8,963.1","8,648.2","18.45M","-0.21%"
"11/05/2020","8,926.0","8,592.7","8,944.5","8,592.7","22.97M","5.70%"
"08/05/2020","8,444.5","7,963.1","8,463.1","7,963.1","39.75M","6.54%"
"07/05/2020","7,926.0","7,703.8","7,926.0","7,703.8","9.12M","2.64%"
"06/05/2020","7,722.3","7,537.1","7,722.3","7,518.6","7.16M","2.46%"
"05/05/2020","7,537.1","7,500.1","7,574.2","7,407.5","6.27M","1.50%"
"04/05/2020","7,426.0","7,240.8","7,555.6","7,222.3","9.79M","-2.20%"
"29/04/2020","7,592.7","7,777.9","7,814.9","7,592.7","12.61M","-2.38%"
"28/04/2020","7,777.9","7,740.8","7,926.0","7,592.7","6.63M","0.00%"
"27/04/2020","7,777.9","8,111.2","8,111.2","7,759.3","24.11M","2.44%"
"24/04/2020","7,592.7","7,370.5","7,592.7","7,240.8","9.08M","3.01%"
"23/04/2020","7,370.5","7,666.8","7,666.8","7,370.5","10.10M","-1.48%"
"22/04/2020","7,481.6","7,037.1","7,722.3","7,037.1","15.60M","3.33%"
"21/04/2020","7,240.8","7,592.7","7,740.8","7,240.8","15.26M","-6.91%"
"20/04/2020","7,777.9","8,037.1","8,037.1","7,703.8","9.08M","-2.10%"
"17/04/2020","7,944.5","8,148.2","8,222.3","7,833.4","13.53M","-1.38%"
"16/04/2020","8,055.6","7,796.4","8,055.6","7,777.9","10.20M","0.00%"
"15/04/2020","8,055.6","8,055.6","8,370.5","7,963.1","13.49M","2.11%"
"14/04/2020","7,889.0","7,814.9","7,889.0","7,481.6","21.89M","6.77%"
"13/04/2020","7,389.0","7,055.6","7,389.0","7,037.1","12.45M","6.97%"
"10/04/2020","6,907.5","6,889.0","6,963.0","6,740.8","9.18M","-0.80%"
"09/04/2020","6,963.0","7,000.1","7,148.2","6,944.5","16.14M","-0.53%"
"08/04/2020","7,000.1","7,037.1","7,092.7","6,889.0","10.09M","-2.83%"
"07/04/2020","7,203.8","7,037.1","7,203.8","6,907.5","11.63M","3.73%"
"06/04/2020","6,944.5","6,666.7","6,944.5","6,629.7","14.21M","6.84%"
"03/04/2020","6,500.1","6,389.0","6,611.2","6,370.4","8.74M","1.74%"
"01/04/2020","6,389.0","6,277.8","6,481.6","5,926.0","9.95M","1.77%"
"31/03/2020","6,277.8","6,740.8","6,833.4","6,277.8","12.15M","-6.87%"
"30/03/2020","6,740.8","6,740.8","6,814.9","6,740.8","2.30M","-6.91%"
"27/03/2020","7,240.8","7,259.3","7,277.9","6,963.0","12.90M","-0.25%"
"26/03/2020","7,259.3","7,407.5","7,463.0","7,185.3","8.15M","-3.45%"
"25/03/2020","7,518.6","7,555.6","7,592.7","7,296.4","7.49M","4.10%"
"24/03/2020","7,222.3","7,259.3","7,463.0","6,889.0","13.73M","-0.51%"
"23/03/2020","7,259.3","7,481.6","7,481.6","7,259.3","9.44M","-6.89%"
"20/03/2020","7,796.4","7,703.8","7,907.5","7,629.7","7.66M","1.20%"
"19/03/2020","7,703.8","7,777.9","7,777.9","7,444.5","10.33M","-3.48%"
"18/03/2020","7,981.6","7,963.1","8,092.7","7,740.8","8.81M","0.23%"
"17/03/2020","7,963.1","7,259.3","8,037.1","7,222.3","16.85M","2.63%"
"16/03/2020","7,759.3","8,222.3","8,240.8","7,759.3","13.60M","-6.89%"
"13/03/2020","8,333.4","7,777.9","8,537.1","7,777.9","14.47M","-0.22%"
"12/03/2020","8,351.9","8,370.5","8,629.7","8,351.9","8.33M","-6.82%"
"11/03/2020","8,963.1","9,629.7","9,777.9","8,963.1","17.44M","-6.92%"
"10/03/2020","9,629.7","9,481.6","9,814.9","9,092.7","12.59M","1.56%"
"09/03/2020","9,481.6","9,481.6","9,722.3","9,481.6","10.40M","-6.91%"
"06/03/2020","10,185.3","10,148.3","10,259.4","10,074.2","5.81M","-1.26%"
"05/03/2020","10,314.9","10,185.3","10,537.2","10,074.2","13.46M","2.58%"
"04/03/2020","10,055.7","9,981.6","10,111.2","9,833.4","8.07M","0.00%"
"03/03/2020","10,055.7","10,185.3","10,222.3","10,037.2","6.58M","0.93%"
"02/03/2020","9,963.1","10,037.2","10,111.2","9,926.0","8.44M","-1.10%"
"28/02/2020","10,074.2","10,277.9","10,352.0","9,926.0","13.48M","-4.06%"
"27/02/2020","10,500.1","10,370.5","10,574.2","10,314.9","7.84M","0.18%"
"26/02/2020","10,481.6","10,296.4","10,703.8","10,259.4","11.19M","0.00%"
"25/02/2020","10,481.6","9,703.8","10,481.6","9,703.8","16.32M","5.60%"
"24/02/2020","9,926.0","10,370.5","10,481.6","9,926.0","21.82M","-6.94%"
"21/02/2020","10,666.8","10,555.7","10,852.0","10,444.6","12.84M","0.88%"
"20/02/2020","10,574.2","10,426.0","10,574.2","10,352.0","10.77M","2.70%"
"19/02/2020","10,296.4","10,222.3","10,333.5","10,185.3","8.17M","1.46%"
"18/02/2020","10,148.3","10,000.1","10,222.3","9,963.1","7.18M","1.11%"
"17/02/2020","10,037.2","10,037.2","10,111.2","9,907.5","7.56M","-0.18%"
"14/02/2020","10,055.7","10,000.1","10,185.3","9,852.0","15.54M","2.07%"
"13/02/2020","9,852.0","9,500.1","9,852.0","9,389.0","10.05M","2.90%"
"12/02/2020","9,574.2","9,592.7","9,944.6","9,518.6","16.66M","1.77%"
"11/02/2020","9,407.5","9,111.2","9,407.5","9,092.7","13.38M","3.25%"
"10/02/2020","9,111.2","9,185.3","9,370.5","9,111.2","13.04M","-2.96%"
"07/02/2020","9,389.0","9,296.4","9,500.1","9,222.3","16.04M","-0.59%"
"06/02/2020","9,444.6","8,889.0","9,444.6","8,722.3","22.86M","5.59%"
"05/02/2020","8,944.5","8,833.4","9,111.2","8,796.4","17.28M","2.98%"
"04/02/2020","8,685.3","8,407.5","8,685.3","8,333.4","12.33M","3.76%"
"03/02/2020","8,370.5","8,018.6","8,685.3","7,870.5","12.24M","0.67%"
"31/01/2020","8,314.9","8,333.4","8,555.7","8,314.9","12.59M","-1.10%"
"30/01/2020","8,407.5","8,518.6","8,666.8","8,277.9","11.55M","-3.81%"
"22/01/2020","8,740.8","8,703.8","8,814.9","8,555.7","7.37M","0.21%"
"21/01/2020","8,722.3","8,407.5","8,740.8","8,370.5","14.44M","4.67%"
"20/01/2020","8,333.4","8,074.2","8,333.4","8,055.6","6.69M","2.74%"
"17/01/2020","8,111.2","8,129.7","8,203.8","8,037.1","6.45M","0.23%"
"16/01/2020","8,092.7","8,037.1","8,129.7","8,018.6","7.60M","0.92%"
"15/01/2020","8,018.6","7,833.4","8,037.1","7,833.4","5.47M","2.36%"
"14/01/2020","7,833.4","7,666.8","7,889.0","7,648.2","5.53M","2.67%"
"13/01/2020","7,629.7","7,777.9","7,833.4","7,629.7","3.45M","-2.14%"
"10/01/2020","7,796.4","7,685.3","7,889.0","7,685.3","8.38M","1.45%"
"09/01/2020","7,685.3","7,518.6","7,703.8","7,500.1","9.12M","3.23%"
"08/01/2020","7,444.5","7,463.0","7,537.1","7,370.5","6.53M","-1.23%"
"07/01/2020","7,537.1","7,407.5","7,537.1","7,407.5","3.51M","2.00%"
"06/01/2020","7,389.0","7,463.0","7,537.1","7,389.0","4.47M","-2.20%"
"03/01/2020","7,555.6","7,629.7","7,759.3","7,537.1","3.82M","-0.73%"
"02/01/2020","7,611.2","7,426.0","7,666.8","7,426.0","4.65M","2.75%"